strategy,instrument,target_ticks,stop_ticks,split,n_trades,win_rate,avg_win,avg_loss,realized_rr,mean_pnl,skew,kurtosis,max_consec_losses,friction_pct_avg_gross_win
vwap_reversion,MES,10,8,train,924,0.4025974025974026,10.22983870967742,-13.5,0.7577658303464756,-3.9464285714285716,0.39895131096696623,-1.843956599265122,16,0.3116696588868941
vwap_reversion,MES,10,8,holdout,618,0.4077669902912621,10.225198412698413,-13.5,0.7574221046443269,-3.8256472491909386,0.37745720535952015,-1.8625148631907298,9,0.3117984975695979
vwap_reversion,MES,15,12,train,921,0.4158523344191097,16.467362924281986,-18.46747211895911,0.8916955616993315,-3.939739413680782,0.34107013103567363,-1.8856402188470582,14,0.20037369207772793
vwap_reversion,MES,15,12,holdout,616,0.4675324675324675,16.47829861111111,-18.5,0.8907188438438438,-2.14650974025974,0.13101382884636958,-1.988736762221628,9,0.20024832381425378
vwap_reversion,MES,20,16,train,920,0.40652173913043477,22.669786096256683,-23.406135531135533,0.9685403242282633,-4.675271739130435,0.3792634376630701,-1.8555709510056368,12,0.14786783394521322
vwap_reversion,MES,20,16,holdout,615,0.46504065040650405,22.75,-23.5,0.9680851063829787,-1.991869918699187,0.14052343554888166,-1.986724684560683,8,0.14736842105263157
vwap_reversion,MES,25,20,train,916,0.4126637554585153,29.0,-28.37685873605948,1.0219594871207036,-4.699508733624454,0.35200918160401057,-1.8773972784662136,11,0.11666666666666667
vwap_reversion,MES,25,20,holdout,615,0.46016260162601624,29.0,-28.5,1.0175438596491229,-2.040650406504065,0.16024891191464546,-1.9807724497656696,10,0.11666666666666667
vwap_reversion,MES,30,24,train,912,0.41885964912280704,35.25,-33.301886792452834,1.058498583569405,-4.588267543859649,0.32493532802200664,-1.8945793732130467,11,0.09655172413793103
vwap_reversion,MES,30,24,holdout,612,0.4493464052287582,35.25,-33.425816023738875,1.0545741044875494,-2.5665849673202614,0.20216423880136755,-1.964121596951596,10,0.09655172413793103
trend_pullback,MES,10,8,train,895,0.4346368715083799,10.25,-13.5,0.7592592592592593,-3.1773743016759775,0.26415851885977304,-1.9345482998803691,11,0.3111111111111111
trend_pullback,MES,10,8,holdout,609,0.3497536945812808,10.25,-13.5,0.7592592592592593,-5.193349753694581,0.631663001918935,-1.6062878487769887,11,0.3111111111111111
trend_pullback,MES,15,12,train,893,0.47032474804031354,16.5,-18.5,0.8918918918918919,-2.038633818589026,0.11911079041827662,-1.9902751555765625,13,0.2
trend_pullback,MES,15,12,holdout,609,0.39901477832512317,16.5,-18.5,0.8918918918918919,-4.5344827586206895,0.4134596920406189,-1.8350884816958117,11,0.2
trend_pullback,MES,20,16,train,892,0.47533632286995514,22.75,-23.5,0.9680851063829787,-1.515695067264574,0.09894140978881476,-1.99468803628636,8,0.14736842105263157
trend_pullback,MES,20,16,holdout,608,0.41776315789473684,22.75,-23.5,0.9680851063829787,-4.178453947368421,0.334314352446114,-1.8944766170197698,10,0.14736842105263157
trend_pullback,MES,25,20,train,888,0.4774774774774775,28.952830188679247,-28.5,1.015888778550149,-1.0675675675675675,0.09159558641800214,-1.9951740119244057,10,0.1168503937007874
trend_pullback,MES,25,20,holdout,608,0.4194078947368421,28.931372549019606,-28.5,1.0151358789129687,-4.412828947368421,0.32896629620093504,-1.8967802057345868,8,0.11693416311824435
trend_pullback,MES,30,24,train,886,0.4751693002257336,35.205463182897866,-33.45967741935484,1.0521758097564076,-0.8321106094808126,0.09961410948439409,-1.9931466406461806,11,0.09667049368541905
trend_pullback,MES,30,24,holdout,606,0.44884488448844884,35.04779411764706,-33.5,1.0462028094820017,-2.732673267326733,0.21096509681045625,-1.9589067110814447,10,0.09709331973482917
time_scalp,MES,10,8,train,1392,0.4432471264367816,10.25,-13.487096774193548,0.7599856493661804,-2.9656968390804597,0.22761275225662536,-1.9502938773408884,13,0.3111111111111111
time_scalp,MES,10,8,holdout,932,0.45064377682403434,10.25,-13.5,0.7592592592592593,-2.7972103004291844,0.19871380976207195,-1.9647336080101163,12,0.3111111111111111
time_scalp,MES,15,12,train,1377,0.4625998547567175,16.5,-18.469594594594593,0.8933601609657948,-2.2926652142338417,0.1486847363595153,-1.979729606780065,11,0.2
time_scalp,MES,15,12,holdout,923,0.4463705308775731,16.472694174757283,-18.451076320939336,0.8927768704779097,-2.8621343445287106,0.21452746696602326,-1.9556411711111352,13,0.20031255426289285
time_scalp,MES,20,16,train,1339,0.467513069454817,22.684105431309906,-23.433380084151473,0.9680253275391407,-1.8728528752800597,0.12985398504955534,-1.9827672956149067,9,0.14777843352162548
time_scalp,MES,20,16,holdout,903,0.43078626799557035,22.75,-23.32247081712062,0.9754541094033493,-3.475083056478405,0.27275245259957176,-1.9249109094215031,12,0.14736842105263157
time_scalp,MES,25,20,train,1295,0.46332046332046334,28.775,-28.26618705035971,1.018000763553067,-1.837837837837838,0.14640355441126246,-1.9726257757401138,9,0.11754827875734677
time_scalp,MES,25,20,holdout,872,0.4380733944954128,28.93128272251309,-28.369897959183675,1.01978804309191,-3.267775229357798,0.24811199888056001,-1.938876861357281,11,0.11693451404832185
time_scalp,MES,30,24,train,1228,0.4714983713355049,34.90673575129534,-33.10901386748844,1.0542970530926075,-1.039698697068404,0.11324570360517754,-1.9783516452759125,11,0.09747474747474748
time_scalp,MES,30,24,holdout,848,0.4375,34.70754716981132,-32.94706498951782,1.0534336573182954,-3.348172169811321,0.2505675399531106,-1.9238045999100242,10,0.09801849405548217
vwap_reversion,ES,10,8,train,924,0.41125541125541126,109.0,-128.5,0.8482490272373541,-30.826839826839826,0.3612921412252475,-1.8735279436445744,10,0.25333333333333335
vwap_reversion,ES,10,8,holdout,616,0.4237012987012987,108.71264367816092,-128.5,0.8460127912697347,-27.992694805194805,0.31115737520913656,-1.9081076778923798,9,0.2539820742637644
vwap_reversion,ES,15,12,train,921,0.4256243213897937,171.14923469387756,-178.16918714555766,0.960599514629064,-29.490770901194352,0.30062761616088635,-1.9115986533503917,11,0.16318422494066093
vwap_reversion,ES,15,12,holdout,616,0.4805194805194805,171.2466216216216,-178.5,0.9593648270118857,-10.439935064935066,0.07894105854210139,-1.9995286753458796,6,0.16309328177863702
vwap_reversion,ES,20,16,train,920,0.40652173913043477,233.298128342246,-227.60714285714286,1.025003545203654,-40.23913043478261,0.3791164928682159,-1.8559149248626003,12,0.12035568101623147
vwap_reversion,ES,20,16,holdout,615,0.46991869918699186,234.0,-228.5,1.0240700218818382,-11.16260162601626,0.1208384849669937,-1.9918863670984037,7,0.12
vwap_reversion,ES,25,20,train,914,0.437636761487965,296.5,-277.284046692607,1.0693006090202353,-26.175054704595187,0.24904264201544807,-1.9396114215285767,11,0.095
vwap_reversion,ES,25,20,holdout,615,0.46178861788617886,296.5,-278.5,1.0646319569120288,-12.971544715447154,0.15366889202738032,-1.9828447744615738,10,0.095
vwap_reversion,ES,30,24,train,911,0.41712403951701427,359.0,-326.3578154425612,1.1000196196103775,-40.478594950603735,0.33156107971699045,-1.889780960909398,9,0.07862068965517241
vwap_reversion,ES,30,24,holdout,613,0.4535073409461664,359.0,-327.9029850746269,1.0948360226677893,-16.387438825448612,0.18588328305804935,-1.9707516657192619,10,0.07862068965517241
trend_pullback,ES,10,8,train,894,0.4395973154362416,109.0,-128.3003992015968,0.8495686738178396,-23.9837807606264,0.24205020899752186,-1.944667597827376,11,0.25333333333333335
trend_pullback,ES,10,8,holdout,609,0.37438423645320196,109.0,-128.5,0.8482490272373541,-39.583743842364534,0.520395178763099,-1.7348972194369485,14,0.25333333333333335
trend_pullback,ES,15,12,train,890,0.4752808988764045,171.5,-178.17880085653104,0.962516299220642,-11.98314606741573,0.09738657295430948,-1.9939135093419924,9,0.16285714285714287
trend_pullback,ES,15,12,holdout,609,0.41379310344827586,171.5,-178.5,0.9607843137254902,-33.672413793103445,0.35093498495923336,-1.8830395104633055,9,0.16285714285714287
trend_pullback,ES,20,16,train,890,0.4752808988764045,234.0,-228.07173447537474,1.0259929865411066,-8.457865168539326,0.09736089978459261,-1.9939137302709007,9,0.12
trend_pullback,ES,20,16,holdout,608,0.4194078947368421,234.0,-228.5,1.0240700218818382,-34.52384868421053,0.32744785042430047,-1.8990356052769084,10,0.12
trend_pullback,ES,25,20,train,885,0.48361581920903957,296.5,-277.95295404814004,1.0667272848938592,-0.1384180790960452,0.06385733561209546,-1.999346721007426,10,0.095
trend_pullback,ES,25,20,holdout,606,0.4207920792079208,295.96078431372547,-278.5,1.0626958144119407,-36.771452145214525,0.32267037396760667,-1.9012448060327818,15,0.09517105909314127
trend_pullback,ES,30,24,train,882,0.47278911564625853,359.0,-327.4516129032258,1.0963451876662398,-2.9047619047619047,0.10651122812939676,-1.9913455560861988,11,0.07862068965517241
trend_pullback,ES,30,24,holdout,603,0.4494195688225539,358.2619926199262,-328.19879518072287,1.0916005722161444,-19.68988391376451,0.20486719025795533,-1.9629699804636793,9,0.0787810786688767
time_scalp,ES,10,8,train,1398,0.4434907010014306,109.0,-128.37146529562983,0.8490983549107366,-23.09942775393419,0.22662228053356262,-1.9507355516955094,12,0.25333333333333335
time_scalp,ES,10,8,holdout,923,0.4507042253521127,109.0,-128.40138067061145,0.8489005291899323,-21.403575297941494,0.19796811681931276,-1.964580415732122,8,0.25333333333333335
time_scalp,ES,15,12,train,1378,0.4644412191582003,171.5,-178.17818428184282,0.9625196299493138,-15.77322206095791,0.1411424030280067,-1.9818382355539716,11,0.16285714285714287
time_scalp,ES,15,12,holdout,912,0.44846491228070173,171.19437652811735,-177.7047713717694,0.9633639840202608,-21.23574561403509,0.2044336490627696,-1.9587692132686543,9,0.16314205738278517
time_scalp,ES,20,16,train,1342,0.46870342771982115,233.30445151033388,-227.79873772791024,1.0241692023289428,-11.678092399403875,0.12510623951450672,-1.9838318032636302,9,0.12035246727089627
time_scalp,ES,20,16,holdout,892,0.4304932735426009,234.0,-226.8513779527559,1.0315123589363113,-28.457959641255606,0.27407072509400776,-1.924630692634434,12,0.12
time_scalp,ES,25,20,train,1296,0.4683641975308642,294.29654036243824,-276.2866473149492,1.0651855354665725,-9.04591049382716,0.1269818514822915,-1.9782568582845537,9,0.09570292510891362
time_scalp,ES,25,20,holdout,861,0.43902439024390244,295.8716931216931,-275.7308488612836,1.0730453061149574,-24.783391405342623,0.23823933905916708,-1.94041156719683,10,0.09519938142052359
time_scalp,ES,30,24,train,1232,0.46915584415584416,355.4749134948097,-323.77905198776756,1.097893490367745,-5.103084415584416,0.12052631849754035,-1.9751886114524349,11,0.07939273450207844
time_scalp,ES,30,24,holdout,838,0.43675417661097854,352.2035519125683,-323.07097457627117,1.0901739234683847,-28.14200477326969,0.2570608734398629,-1.9183791556203016,9,0.08012289966394624
