stop_ticks,stop_slippage_ticks,seed,train_mean,holdout_trades,holdout_win_rate,holdout_mean,holdout_rr,holdout_skew,wf_min,mc_pass_rate,mc_ev,mc_fail_mll,mc_fail_no_target,mc_avg_trades
20,0,20260702,-3.216200236499803,1737,0.45826137017846863,-2.942285549798503,0.9311516190827527,0.15724142732512988,-3.5437062937062938,0.0304,-23.030400000000014,0.0,0.9564,28.6481
20,0,20260703,-2.293833727344366,1743,0.46758462421113023,-2.469449225473322,0.9323821060446896,0.11914781725382455,-4.19672131147541,0.04,0.960000000000008,0.0,0.9459,30.2451
20,0,20260704,-2.62751677852349,1733,0.46105020196191576,-2.816214656664743,0.9304679989882426,0.1472901953438319,-4.196902654867257,0.033,-16.533,0.0,0.9551,28.3866
20,0,20260705,-2.938584384858044,1735,0.4697406340057637,-2.425792507204611,0.9274789163244267,0.11447694020915795,-3.1335697399527187,0.0443,11.705699999999993,0.0,0.9395,30.0249
20,0,20260706,-3.1022279179810726,1736,0.49078341013824883,-1.3492223502304148,0.9301645526524298,0.029209506234476768,-3.450221238938053,0.0871,118.6629,0.0,0.8823,34.0772
20,0,20260707,-3.348186119873817,1741,0.4830557151062608,-1.7804422745548536,0.9265445707274876,0.06267860276077511,-2.8030973451327434,0.0656,64.93440000000002,0.0,0.9089,32.6305
20,0,20260708,-2.11439842209073,1742,0.4695752009184845,-2.4315442020665903,0.9275005593168347,0.11486984561423512,-3.365252293577982,0.0443,11.705699999999993,0.0,0.9404,30.4245
20,0,20260709,-2.5445544554455446,1738,0.47583429228998847,-2.107594936708861,0.9286884308577104,0.08994171809964654,-3.3049645390070923,0.0503,26.699700000000007,0.0,0.9304,31.2916
20,0,20260710,-2.45307570977918,1734,0.46655132641291813,-2.660899653979239,0.9215604643284963,0.1333466034186464,-3.0298672566371683,0.0336,-15.033600000000007,0.0,0.9511,29.1498
20,0,20260711,-3.04048463356974,1741,0.4652498564043653,-2.635554279149914,0.9280767451462485,0.1322394494490779,-3.7288732394366195,0.0395,-0.28950000000000387,0.0,0.9468,29.7307
20,0,20260712,-2.115225118483412,1738,0.46777905638665135,-2.523302646720368,0.9272719230039802,0.1230829404356273,-4.281609195402299,0.039,-1.5390000000000015,0.0,0.9443,29.7705
20,0,20260713,-2.7045454545454546,1738,0.498849252013809,-1.0086306098964326,0.9258565036433976,0.0009432873909661476,-2.247093023255814,0.1059,165.64409999999998,0.0,0.8621,36.1038
20,0,20260714,-2.4549664958612536,1735,0.4674351585014409,-2.5684438040345823,0.9252571275628628,0.1251395218338019,-3.329676674364896,0.0354,-10.535399999999996,0.0,0.9502,29.7071
20,0,20260715,-3.1819526627218937,1737,0.47322970639032813,-2.2140184225676456,0.9303329595512746,0.09805868124258629,-3.095756880733945,0.049,23.451000000000008,0.0,0.9329,30.7728
20,0,20260716,-3.0669097359085535,1740,0.46436781609195404,-2.778735632183908,0.9206487588164773,0.14213856408947081,-3.024336283185841,0.032,-19.031999999999996,0.0,0.9533,28.6261
20,0,20260717,-2.057578155916106,1739,0.4675100632547441,-2.5209890741805636,0.9283775487437477,0.12272678470630675,-4.7665929203539825,0.0454,14.454600000000013,0.0,0.9407,30.4101
20,0,20260718,-2.358695652173913,1736,0.47580645161290325,-2.09375,0.9298420921988073,0.08840678091028345,-4.484513274336283,0.0555,39.69449999999999,0.0,0.9244,31.8543
20,0,20260719,-3.1115930599369084,1741,0.47673750717978175,-2.0870189546237796,0.9268013340673731,0.08749172872129388,-3.5831353919239906,0.0543,36.69569999999999,0.0,0.9276,31.6984
20,0,20260720,-3.9638768258981445,1739,0.46808510638297873,-2.495830937320299,0.9284335236854208,0.12002710964195182,-3.7408256880733943,0.046,15.953999999999994,0.0,0.9393,30.0681
20,0,20260721,-1.95698500394633,1740,0.4666666666666667,-2.5560344827586206,0.9289141702644522,0.12481652075855129,-3.273230088495575,0.0403,1.709699999999998,0.0,0.9437,29.9762
20,1,20260702,-3.8838194718171066,1737,0.45826137017846863,-3.6029073114565344,0.8887799694025751,0.15600152174891693,-4.208041958041958,0.0224,-43.0224,0.0,0.968,25.7184
20,1,20260703,-2.938041765169425,1743,0.46758462421113023,-3.1199082042455535,0.8899189584211152,0.11805920696711512,-4.890515222482436,0.027,-31.527,0.0,0.9591,27.1331
20,1,20260704,-3.2794117647058822,1733,0.46105020196191576,-3.4747547605308715,0.8880984823212635,0.14610661117956736,-4.896570796460177,0.0226,-42.52260000000001,0.0,0.9663,26.1115
20,1,20260705,-3.596608832807571,1735,0.4697406340057637,-3.075648414985591,0.8851801003407765,0.11341533730408528,-3.801418439716312,0.0296,-25.029600000000002,0.0,0.9549,27.711
20,1,20260706,-3.76567429022082,1736,0.49078341013824883,-1.9706221198156681,0.887840206766641,0.028032903972037844,-4.130530973451328,0.0603,51.6897,0.0,0.9172,31.9892
20,1,20260707,-4.018040220820189,1741,0.4830557151062608,-2.4144170017231477,0.8842896974730526,0.061661569889022584,-3.4668141592920354,0.0421,6.207899999999995,0.0,0.9365,29.7751
20,1,20260708,-2.7539447731755424,1742,0.4695752009184845,-3.0809414466130884,0.8852059131789476,0.11373747662128035,-4.041857798165138,0.0288,-27.02879999999999,0.0,0.9602,27.4565
20,1,20260709,-3.1945544554455445,1738,0.47583429228998847,-2.7484177215189876,0.886390733600967,0.08875399111186831,-3.9728132387706854,0.0379,-4.287899999999993,0.0,0.9463,28.708
20,1,20260710,-3.0987776025236595,1734,0.46655132641291813,-3.3161764705882355,0.8795389713726596,0.1322677215262913,-3.6991150442477876,0.0272,-31.027199999999993,0.0,0.9595,26.8113
20,1,20260711,-3.7014381402679275,1741,0.4652498564043653,-3.2881964388282596,0.8858403273720673,0.13095518352237911,-4.40962441314554,0.026,-34.026,0.0,0.9621,26.8216
20,1,20260712,-2.754048183254344,1738,0.46777905638665135,-3.1741944764096663,0.8850362246639226,0.12186427311165403,-4.9798850574712645,0.0263,-33.27629999999999,0.0,0.9593,27.1667
20,1,20260713,-3.358201581027668,1738,0.498849252013809,-1.6235615650172612,0.8836234820247767,-0.00010662152168922466,-2.88953488372093,0.069,73.43100000000001,0.0,0.9013,32.4536
20,1,20260714,-3.102384706346078,1735,0.4674351585014409,-3.222622478386167,0.8829994433271487,0.12412231641773805,-4.005196304849885,0.0279,-29.27789999999999,0.0,0.9594,27.0793
20,1,20260715,-3.8471400394477318,1737,0.47322970639032813,-2.8580886586067935,0.8879136820130205,0.0968874858646849,-3.7637614678899083,0.0328,-17.03279999999998,0.0,0.9509,28.0165
20,1,20260716,-3.72910918407568,1740,0.46436781609195404,-3.4367816091954024,0.8786501999270626,0.14102216632186731,-3.6935840707964602,0.0248,-37.0248,0.0,0.9642,26.4928
20,1,20260717,-2.6966759002770084,1739,0.4675100632547441,-3.171506612995975,0.8860974492251792,0.12151775450960024,-5.480088495575221,0.0255,-35.2755,0.0,0.962,27.4975
20,1,20260718,-3.0029644268774702,1736,0.47580645161290325,-2.734591013824885,0.8874705053851807,0.08724898423888813,-5.189712389380531,0.036,-9.036000000000001,0.0,0.9469,28.6701
20,1,20260719,-3.775532334384858,1741,0.47673750717978175,-2.727455485353245,0.8845638008586295,0.08634345176445919,-4.260095011876484,0.0314,-20.531400000000005,0.0,0.9509,28.5952
20,1,20260720,-4.648341887090407,1739,0.46808510638297873,-3.1477860839562966,0.886081302894661,0.11899185384894928,-4.426032110091743,0.0264,-33.02640000000001,0.0,0.9609,27.2269
20,1,20260721,-2.590370955011839,1740,0.4666666666666667,-3.2083333333333335,0.8865601919070767,0.12365529346747768,-3.9480088495575223,0.0282,-28.528200000000012,0.0,0.9586,27.1977
20,2,20260702,-4.551438707134411,1737,0.45826137017846863,-4.263529073114565,0.8500966890798163,0.15479048399446,-4.8723776223776225,0.0127,-67.2627,0.0,0.9777,23.4872
20,2,20260703,-3.582249802994484,1743,0.46758462421113023,-3.7703671830177856,0.851155103376166,0.11699675449746706,-5.5843091334894615,0.0176,-55.01760000000001,0.0,0.971,25.0722
20,2,20260704,-3.931306750888275,1733,0.46105020196191576,-4.133294864397,0.8494195633413695,0.14495504443777676,-5.596238938053097,0.0138,-64.5138,0.0,0.9775,24.0071
20,2,20260705,-4.254633280757098,1735,0.4697406340057637,-3.7255043227665707,0.8465711810705937,0.112385272911706,-4.469267139479905,0.0232,-41.0232,0.0,0.9641,25.2747
20,2,20260706,-4.4291206624605675,1736,0.49078341013824883,-2.5920218894009217,0.8491999137422319,0.02688403450790529,-4.810840707964601,0.0442,11.45580000000001,0.0,0.9362,28.8633
20,2,20260707,-4.687894321766562,1741,0.4830557151062608,-3.0483917288914415,0.8457207766101874,0.060672863631295336,-4.130530973451328,0.0327,-17.282700000000006,0.0,0.9522,27.1906
20,2,20260708,-3.393491124260355,1742,0.4695752009184845,-3.7303386911595866,0.8466003698163013,0.11264020517904495,-4.718463302752293,0.0194,-50.519400000000005,0.0,0.9696,25.2811
20,2,20260709,-3.8445544554455444,1738,0.47583429228998847,-3.3892405063291138,0.8477781460310063,0.08760046407654623,-4.640661938534279,0.0232,-41.0232,0.0,0.9644,25.9214
20,2,20260710,-3.7444794952681386,1734,0.46655132641291813,-3.9714532871972317,0.8411825654535583,0.1312178646522949,-4.368362831858407,0.0164,-58.0164,0.0,0.9739,24.5206
20,2,20260711,-4.362391646966115,1741,0.4652498564043653,-3.9408385985066055,0.84728089771794,0.12970375374070184,-5.09037558685446,0.0169,-56.7669,0.0,0.9728,24.5381
20,2,20260712,-3.3928712480252763,1738,0.46777905638665135,-3.825086306098964,0.8464804442017656,0.12068123604402635,-5.67816091954023,0.0167,-57.2667,0.0,0.9726,24.9615
20,2,20260713,-4.011857707509882,1738,0.498849252013809,-2.23849252013809,0.8450753016703069,-0.0011211203991560368,-3.5319767441860463,0.0529,33.197100000000006,0.0,0.9241,29.6194
20,2,20260714,-3.7498029168309026,1735,0.4674351585014409,-3.876801152737752,0.844433096640357,0.12314126648924327,-4.680715935334873,0.0182,-53.5182,0.0,0.9715,24.8422
20,2,20260715,-4.51232741617357,1737,0.47322970639032813,-3.5021588946459414,0.8491940004011683,0.09575588365940045,-4.4317660550458715,0.0216,-45.02160000000001,0.0,0.965,25.5699
20,2,20260716,-4.391308632242806,1740,0.46436781609195404,-4.094827586206897,0.8403162831476808,0.1399403399344201,-4.3628318584070795,0.015,-61.515,0.0,0.9771,24.1934
20,2,20260717,-3.3357736446379107,1739,0.4675100632547441,-3.822024151811386,0.8475006397285874,0.12034016608177878,-6.19358407079646,0.0175,-55.26749999999999,0.0,0.9726,24.7385
20,2,20260718,-3.647233201581028,1736,0.47580645161290325,-3.3754320276497696,0.8487922452709449,0.08612656633208868,-5.894911504424779,0.0277,-29.777699999999996,0.0,0.9586,26.3431
20,2,20260719,-4.4394716088328074,1741,0.47673750717978175,-3.367892016082711,0.8460082855168769,0.08522793342191433,-4.937054631828978,0.0267,-32.276700000000005,0.0,0.9599,26.3059
20,2,20260720,-5.332806948282669,1739,0.46808510638297873,-3.7997412305922946,0.8474244610608248,0.1179884664317947,-5.111238532110092,0.0189,-51.7689,0.0,0.9705,25.0907
20,2,20260721,-3.223756906077348,1740,0.4666666666666667,-3.860632183908046,0.8479000636676985,0.12253104405213688,-4.622787610619469,0.0182,-53.5182,0.0,0.9705,24.9164
