session,side,signal_time,entry_time,entry,stop,target,exit_time,exit_price,reason,pnl
2026-03-31,1,2026-03-31 16:38:00+00:00,2026-03-31 16:40:00+00:00,23667.75,23564.75,23770.75,2026-03-31 16:41:00+00:00,23770.75,target,205.0
2026-04-01,1,2026-04-01 14:52:00+00:00,2026-04-01 14:54:00+00:00,24254.0,24230.0,24278.0,2026-04-01 15:02:00+00:00,24278.0,target,47.0
2026-04-06,1,2026-04-06 15:50:00+00:00,2026-04-06 15:52:00+00:00,24321.25,24299.25,24343.25,2026-04-06 16:02:00+00:00,24299.0,stop,-45.5
2026-04-08,1,2026-04-08 15:45:00+00:00,2026-04-08 15:47:00+00:00,25071.75,25056.5,25087.0,2026-04-08 15:53:00+00:00,25087.0,target,29.5
2026-04-09,1,2026-04-09 15:52:00+00:00,2026-04-09 15:54:00+00:00,25172.25,25156.5,25188.0,2026-04-09 15:55:00+00:00,25188.0,target,30.5
2026-04-10,1,2026-04-10 13:31:00+00:00,2026-04-10 13:33:00+00:00,25358.0,25326.0,25390.0,2026-04-10 13:35:00+00:00,25325.75,stop,-65.5
2026-04-13,1,2026-04-13 18:02:00+00:00,2026-04-13 18:04:00+00:00,25422.0,25410.25,25433.75,2026-04-13 18:18:00+00:00,25410.0,stop,-25.0
2026-04-14,1,2026-04-14 13:45:00+00:00,2026-04-14 13:47:00+00:00,25751.25,25739.25,25763.25,2026-04-14 13:47:00+00:00,25739.0,stop,-25.5
2026-04-15,1,2026-04-15 13:57:00+00:00,2026-04-15 13:59:00+00:00,26061.5,26044.5,26078.5,2026-04-15 14:02:00+00:00,26078.5,target,33.0
2026-04-16,1,2026-04-16 14:03:00+00:00,2026-04-16 14:05:00+00:00,26332.5,26309.25,26355.75,2026-04-16 14:08:00+00:00,26355.75,target,45.5
2026-04-17,1,2026-04-17 14:33:00+00:00,2026-04-17 14:35:00+00:00,26793.0,26768.0,26818.0,2026-04-17 14:40:00+00:00,26818.0,target,49.0
2026-04-21,1,2026-04-21 14:11:00+00:00,2026-04-21 14:13:00+00:00,26868.25,26860.25,26876.25,2026-04-21 14:13:00+00:00,26860.0,stop,-17.5
2026-04-22,1,2026-04-22 14:15:00+00:00,2026-04-22 14:17:00+00:00,26938.5,26922.0,26955.0,2026-04-22 14:20:00+00:00,26955.0,target,32.0
2026-04-23,1,2026-04-23 14:53:00+00:00,2026-04-23 14:55:00+00:00,27074.5,27067.5,27081.5,2026-04-23 14:55:00+00:00,27081.5,target,13.0
2026-04-24,1,2026-04-24 14:12:00+00:00,2026-04-24 14:14:00+00:00,27250.5,27235.75,27265.25,2026-04-24 14:14:00+00:00,27235.5,stop,-31.0
2026-04-30,1,2026-04-30 15:50:00+00:00,2026-04-30 15:52:00+00:00,27392.75,27369.25,27416.25,2026-04-30 15:55:00+00:00,27416.25,target,46.0
2026-05-01,1,2026-05-01 15:29:00+00:00,2026-05-01 15:31:00+00:00,27870.25,27853.25,27887.25,2026-05-01 15:37:00+00:00,27887.25,target,33.0
2026-05-04,1,2026-05-04 14:40:00+00:00,2026-05-04 14:42:00+00:00,27921.5,27903.25,27939.75,2026-05-04 14:46:00+00:00,27939.75,target,35.5
2026-05-05,1,2026-05-05 14:25:00+00:00,2026-05-05 14:27:00+00:00,28123.0,28106.5,28139.5,2026-05-05 14:37:00+00:00,28106.25,stop,-34.5
2026-05-06,1,2026-05-06 13:32:00+00:00,2026-05-06 13:34:00+00:00,28410.5,28367.5,28453.5,2026-05-06 13:35:00+00:00,28453.5,target,85.0
2026-05-07,1,2026-05-07 13:54:00+00:00,2026-05-07 13:56:00+00:00,28789.75,28759.25,28820.25,2026-05-07 14:06:00+00:00,28820.25,target,60.0
2026-05-08,1,2026-05-08 13:31:00+00:00,2026-05-08 13:33:00+00:00,28936.25,28879.5,28993.0,2026-05-08 13:42:00+00:00,28993.0,target,112.5
2026-05-11,1,2026-05-11 13:43:00+00:00,2026-05-11 13:45:00+00:00,29400.0,29358.25,29441.75,2026-05-11 13:50:00+00:00,29358.0,stop,-85.0
2026-05-13,1,2026-05-13 14:24:00+00:00,2026-05-13 14:26:00+00:00,29241.0,29229.0,29253.0,2026-05-13 14:26:00+00:00,29253.0,target,23.0
2026-05-14,1,2026-05-14 13:41:00+00:00,2026-05-14 13:43:00+00:00,29610.25,29584.25,29636.25,2026-05-14 13:45:00+00:00,29636.25,target,51.0
2026-05-19,1,2026-05-19 17:21:00+00:00,2026-05-19 17:23:00+00:00,29124.25,29090.75,29157.75,2026-05-19 17:26:00+00:00,29090.5,stop,-68.5
2026-05-20,1,2026-05-20 13:32:00+00:00,2026-05-20 13:34:00+00:00,29149.0,29109.75,29188.25,2026-05-20 13:35:00+00:00,29109.5,stop,-80.0
2026-05-21,1,2026-05-21 17:30:00+00:00,2026-05-21 17:32:00+00:00,29449.25,29407.0,29491.5,2026-05-21 17:41:00+00:00,29491.5,target,83.5
2026-05-22,1,2026-05-22 13:34:00+00:00,2026-05-22 13:36:00+00:00,29646.75,29596.75,29696.75,2026-05-22 13:39:00+00:00,29696.75,target,99.0
2026-05-25,1,2026-05-25 13:49:00+00:00,2026-05-25 13:51:00+00:00,29981.5,29975.5,29987.5,2026-05-25 13:51:00+00:00,29975.25,stop,-13.5
2026-05-26,1,2026-05-26 14:25:00+00:00,2026-05-26 14:27:00+00:00,30073.5,30062.0,30085.0,2026-05-26 14:29:00+00:00,30061.75,stop,-24.5
2026-05-28,1,2026-05-28 14:43:00+00:00,2026-05-28 14:45:00+00:00,30168.75,30139.75,30197.75,2026-05-28 14:46:00+00:00,30139.5,stop,-59.5
2026-05-29,1,2026-05-29 13:31:00+00:00,2026-05-29 13:33:00+00:00,30404.75,30383.0,30426.5,2026-05-29 13:33:00+00:00,30382.75,stop,-45.0
2026-06-01,1,2026-06-01 15:15:00+00:00,2026-06-01 15:17:00+00:00,30458.75,30444.5,30473.0,2026-06-01 15:20:00+00:00,30473.0,target,27.5
2026-06-09,1,2026-06-09 13:46:00+00:00,2026-06-09 13:48:00+00:00,29827.25,29780.0,29874.5,2026-06-09 13:53:00+00:00,29779.75,stop,-96.0
2026-06-11,1,2026-06-11 19:00:00+00:00,2026-06-11 19:02:00+00:00,29305.0,29264.75,29345.25,2026-06-11 19:05:00+00:00,29264.5,stop,-82.0
2026-06-18,1,2026-06-18 14:11:00+00:00,2026-06-18 14:13:00+00:00,30558.25,30533.5,30583.0,2026-06-18 14:13:00+00:00,30533.25,stop,-51.0
2026-06-29,1,2026-06-29 14:53:00+00:00,2026-06-29 14:55:00+00:00,29672.5,29601.25,29743.75,2026-06-29 15:15:00+00:00,29743.75,target,141.5
2026-06-30,1,2026-06-30 13:45:00+00:00,2026-06-30 13:47:00+00:00,30244.0,30204.0,30284.0,2026-06-30 13:49:00+00:00,30203.75,stop,-81.5
2026-07-09,1,2026-07-09 16:30:00+00:00,2026-07-09 16:32:00+00:00,29903.75,29888.5,29919.0,2026-07-09 16:34:00+00:00,29888.25,stop,-32.0
2026-07-10,1,2026-07-10 17:26:00+00:00,2026-07-10 17:28:00+00:00,30043.5,30039.0,30048.0,2026-07-10 17:28:00+00:00,30048.0,target,8.0
2026-07-14,1,2026-07-14 15:26:00+00:00,2026-07-14 15:28:00+00:00,29874.75,29861.25,29888.25,2026-07-14 15:29:00+00:00,29888.25,target,26.0
2026-07-20,1,2026-07-20 15:53:00+00:00,2026-07-20 15:55:00+00:00,29044.5,29017.75,29071.25,2026-07-20 16:05:00+00:00,29071.25,target,52.5
2026-07-21,1,2026-07-21 14:58:00+00:00,2026-07-21 15:00:00+00:00,29237.5,29219.0,29256.0,2026-07-21 15:02:00+00:00,29218.75,stop,-38.5
2026-07-30,1,2026-07-30 15:46:00+00:00,2026-07-30 15:48:00+00:00,28122.75,28106.0,28139.5,2026-07-30 15:48:00+00:00,28105.75,stop,-35.0
2026-08-03,1,2026-08-03 14:50:00+00:00,2026-08-03 14:52:00+00:00,28776.25,28731.25,28821.25,2026-08-03 15:28:00+00:00,28731.0,stop,-91.5
2026-08-04,1,2026-08-04 13:41:00+00:00,2026-08-04 13:43:00+00:00,29446.25,29399.0,29493.5,2026-08-04 13:44:00+00:00,29398.75,stop,-96.0
2026-08-07,1,2026-08-07 15:24:00+00:00,2026-08-07 15:26:00+00:00,29811.0,29786.75,29835.25,2026-08-07 15:30:00+00:00,29835.25,target,47.5
2026-08-12,1,2026-08-12 14:09:00+00:00,2026-08-12 14:11:00+00:00,29925.5,29905.0,29946.0,2026-08-12 14:12:00+00:00,29904.75,stop,-42.5
2026-08-13,1,2026-08-13 13:35:00+00:00,2026-08-13 13:37:00+00:00,30025.25,29939.75,30110.75,2026-08-13 13:47:00+00:00,30110.75,target,170.0
2026-08-14,1,2026-08-14 13:44:00+00:00,2026-08-14 13:46:00+00:00,30266.0,30244.75,30287.25,2026-08-14 13:46:00+00:00,30244.5,stop,-44.0
2026-08-17,1,2026-08-17 14:57:00+00:00,2026-08-17 14:59:00+00:00,30244.5,30223.0,30266.0,2026-08-17 15:04:00+00:00,30266.0,target,42.0
2026-08-19,1,2026-08-19 16:18:00+00:00,2026-08-19 16:20:00+00:00,29660.0,29648.75,29671.25,2026-08-19 16:21:00+00:00,29648.5,stop,-24.0
2026-08-21,1,2026-08-21 15:34:00+00:00,2026-08-21 15:36:00+00:00,29405.0,29392.5,29417.5,2026-08-21 15:37:00+00:00,29417.5,target,24.0
2026-08-25,1,2026-08-25 14:25:00+00:00,2026-08-25 14:27:00+00:00,29247.75,29223.0,29272.5,2026-08-25 14:29:00+00:00,29222.75,stop,-51.0
2026-08-27,1,2026-08-27 14:17:00+00:00,2026-08-27 14:19:00+00:00,29584.75,29564.75,29604.75,2026-08-27 14:27:00+00:00,29604.75,target,39.0
2026-09-03,1,2026-09-03 13:39:00+00:00,2026-09-03 13:41:00+00:00,29331.25,29280.75,29381.75,2026-09-03 14:01:00+00:00,29280.5,stop,-102.5
2026-09-04,1,2026-09-04 13:53:00+00:00,2026-09-04 13:55:00+00:00,29660.5,29627.5,29693.5,2026-09-04 14:11:00+00:00,29627.25,stop,-67.5
2026-09-11,1,2026-09-11 18:55:00+00:00,2026-09-11 18:57:00+00:00,29437.25,29426.25,29448.25,2026-09-11 18:59:00+00:00,29426.0,stop,-23.5
2026-09-15,1,2026-09-15 16:17:00+00:00,2026-09-15 16:19:00+00:00,29263.0,29251.25,29274.75,2026-09-15 16:21:00+00:00,29274.75,target,22.5
2026-09-16,1,2026-09-16 14:14:00+00:00,2026-09-16 14:16:00+00:00,29455.25,29430.5,29480.0,2026-09-16 14:36:00+00:00,29430.25,stop,-51.0
2026-09-17,1,2026-09-17 14:56:00+00:00,2026-09-17 14:58:00+00:00,29687.0,29666.25,29707.75,2026-09-17 15:00:00+00:00,29666.0,stop,-43.0
2026-09-18,1,2026-09-18 18:42:00+00:00,2026-09-18 18:44:00+00:00,29787.5,29780.75,29794.25,2026-09-18 18:45:00+00:00,29794.25,target,12.5
2026-09-21,1,2026-09-21 13:30:00+00:00,2026-09-21 13:32:00+00:00,30254.0,30221.75,30286.25,2026-09-21 13:33:00+00:00,30221.5,stop,-66.0
