session,c0,p1530,p1600,r_rod,side,gross,pnl,traded,always_long_pnl,r_onfh,onfh_pnl,notional
2024-07-02,20049.0,20225.75,20256.25,0.008815901042446006,1,61.0,59.0,True,59.0,0.0007356975410244271,59.0,40451.5
2024-07-05,20381.5,20623.0,20622.0,0.011848980693275779,1,-2.0,-4.0,True,-4.0,0.006500993548070655,-4.0,41246.0
2024-07-08,20622.0,20624.25,20666.25,0.00010910677916786682,1,84.0,82.0,True,82.0,0.000630394724081107,82.0,41248.5
2024-07-09,20666.25,20664.5,20679.5,-8.467912659526622e-05,-1,-30.0,-32.0,True,28.0,0.004004112986149,28.0,41329.0
2024-07-10,20679.5,20870.0,20893.75,0.009212021567252648,1,47.5,45.5,True,45.5,0.004086172296235313,45.5,41740.0
2024-07-11,20893.75,20435.75,20429.5,-0.021920430750822617,-1,12.5,10.5,True,-14.5,-0.0011606341609332604,10.5,40871.5
2024-07-12,20429.5,20675.75,20540.25,0.012053647911108856,1,-271.0,-273.0,True,-273.0,0.005531217112508813,-273.0,41351.5
2024-07-15,20540.25,20620.75,20593.5,0.003919134382492917,1,-54.5,-56.5,True,-56.5,0.004259928676622726,-56.5,41241.5
2024-07-16,20593.5,20578.0,20599.75,-0.0007526646757471944,-1,-43.5,-45.5,True,41.5,-0.0005948478888969655,-45.5,41156.0
2024-07-17,20599.75,20056.25,19992.5,-0.02638381533756473,-1,127.5,125.5,True,-129.5,-0.01896867680433012,125.5,40112.5
2024-07-18,19992.5,19823.75,19893.5,-0.008440665249468515,-1,-139.5,-141.5,True,137.5,0.003776416156058504,137.5,39647.5
2024-07-19,19893.5,19768.75,19712.75,-0.006270892502576175,-1,112.0,110.0,True,-114.0,-0.0004901098348706334,110.0,39537.5
2024-07-22,19712.75,19994.25,19998.0,0.014280097906177458,1,7.5,5.5,True,5.5,0.013075293908764607,5.5,39988.5
2024-07-23,19998.0,19987.5,19924.5,-0.0005250525052504784,-1,126.0,124.0,True,-128.0,0.0004250425042504613,-128.0,39975.0
2024-07-24,19924.5,19217.25,19204.75,-0.03549649928480014,-1,25.0,23.0,True,-27.0,-0.020690607041581988,23.0,38434.5
2024-07-25,19204.75,19215.75,18991.25,0.0005727749645270119,1,-449.0,-451.0,True,-451.0,-0.009034223304130506,447.0,38431.5
2024-07-26,18991.25,19183.75,19175.75,0.010136246955834816,1,-16.0,-18.0,True,-18.0,0.007516619495820498,-18.0,38367.5
2024-07-29,19175.75,19240.5,19209.0,0.003376660626051242,1,-63.0,-65.0,True,-65.0,0.009517228791572796,-65.0,38481.0
2024-07-30,19209.0,18936.0,18939.25,-0.014212088083710772,-1,-6.5,-8.5,True,4.5,0.000819928158675598,4.5,37872.0
2024-07-31,18939.25,19437.25,19496.0,0.026294599838958765,1,117.5,115.5,True,115.5,0.02383938117929696,115.5,38874.5
2024-08-01,19496.0,18976.25,19028.0,-0.026659314731226957,-1,-103.5,-105.5,True,101.5,0.0074117767747230445,101.5,37952.5
2024-08-02,19028.0,18553.25,18561.25,-0.02495007357578305,-1,-16.0,-18.0,True,14.0,-0.023846436829934814,-18.0,37106.5
2024-08-05,18561.25,17983.25,18020.5,-0.03114014411744903,-1,-74.5,-76.5,True,72.5,-0.036635463667587076,-76.5,35966.5
2024-08-06,18020.5,18342.0,18171.25,0.017840792430842578,1,-341.5,-343.5,True,-343.5,0.006714575067284567,-343.5,36684.0
2024-08-07,18171.25,18091.0,17972.25,-0.0044163169842470484,-1,237.5,235.5,True,-239.5,0.019206163582582425,-239.5,36182.0
2024-08-08,17972.25,18443.25,18519.0,0.026207069231732216,1,151.5,149.5,True,149.5,0.013145265617827473,149.5,36886.5
2024-08-09,18519.0,18607.25,18610.0,0.004765376100221319,1,5.5,3.5,True,3.5,-0.004738376802203126,-7.5,37214.5
2024-08-12,18610.0,18620.5,18644.5,0.0005642127888232373,1,48.0,46.0,True,46.0,-0.0037479849543256005,-50.0,37241.0
2024-08-13,18644.5,19060.25,19101.25,0.022298801255061784,1,82.0,80.0,True,80.0,0.013663546890503975,80.0,38120.5
2024-08-14,19101.25,19059.5,19108.0,-0.002185720829788629,-1,-97.0,-99.0,True,95.0,-0.0037955631175969895,-99.0,38119.0
2024-08-15,19108.0,19581.5,19588.0,0.024780196776219343,1,13.0,11.0,True,11.0,0.018434687042076625,11.0,39163.0
2024-08-16,19588.0,19602.5,19603.75,0.0007402491321217841,1,2.5,0.5,True,0.5,-0.004632938533796205,-4.5,39205.0
2024-08-19,19603.75,19784.0,19860.25,0.009194669387234677,1,152.5,150.5,True,150.5,-0.0008416756998023134,-154.5,39568.0
2024-08-20,19860.25,19824.5,19811.75,-0.0018000780453418797,-1,25.5,23.5,True,-27.5,0.002932994297654812,-27.5,39649.0
2024-08-21,19811.75,19871.5,19906.0,0.003015887036733167,1,69.0,67.0,True,67.0,0.0034323065857382318,67.0,39743.0
2024-08-22,19906.0,19582.25,19584.75,-0.016263940520446107,-1,-5.0,-7.0,True,3.0,0.0035416457349541908,3.0,39164.5
2024-08-23,19584.75,19799.75,19789.0,0.010977929256181573,1,-21.5,-23.5,True,-23.5,0.008169621772041946,-23.5,39599.5
2024-08-26,19789.0,19586.25,19593.25,-0.01024559098489064,-1,-14.0,-16.0,True,12.0,-0.003373086057910979,-16.0,39172.5
2024-08-27,19593.25,19649.0,19651.25,0.002845367664884524,1,4.5,2.5,True,2.5,-0.002628456228548126,-6.5,39298.0
2024-08-28,19651.25,19455.0,19421.5,-0.009986642071115104,-1,67.0,65.0,True,-69.0,-0.004757967050442069,65.0,38910.0
2024-08-29,19421.5,19404.25,19393.25,-0.0008881909224313089,-1,22.0,20.0,True,-24.0,0.011456375666143215,-24.0,38808.5
2024-08-30,19393.25,19563.25,19610.25,0.00876593660165259,1,94.0,92.0,True,92.0,0.010196846841040053,92.0,39126.5
2024-09-03,19646.75,19035.75,19012.0,-0.031099291231374115,-1,47.5,45.5,True,-49.5,-0.013984501253388015,45.5,38071.5
2024-09-04,19012.0,18966.25,18957.25,-0.0024063749211025165,-1,18.0,16.0,True,-20.0,-0.0020776351777824775,16.0,37932.5
2024-09-05,18957.25,18963.25,18975.5,0.0003165016022894651,1,24.5,22.5,True,22.5,0.00494533753577131,22.5,37926.5
2024-09-06,18975.5,18511.25,18458.25,-0.024465758478037447,-1,106.0,104.0,True,-108.0,-0.012107717846697064,104.0,37022.5
2024-09-09,18458.25,18645.0,18688.75,0.010117427166714155,1,87.5,85.5,True,85.5,0.012419920631695947,85.5,37290.0
2024-09-10,18688.75,18858.75,18855.25,0.009096381512942342,1,-7.0,-9.0,True,-9.0,0.003946224332820547,-9.0,37717.5
2024-09-11,18855.25,19199.5,19255.25,0.01825751448535562,1,111.5,109.5,True,109.5,-0.0033545033876506425,-113.5,38399.0
2024-09-12,19255.25,19447.0,19451.75,0.009958323054751306,1,9.5,7.5,True,7.5,0.00010386777632076516,7.5,38894.0
2024-09-13,19451.75,19528.5,19527.25,0.003945660416157848,1,-2.5,-4.5,True,-4.5,0.0007711388435487354,-4.5,39057.0
2024-09-16,19527.25,19418.75,19438.0,-0.005556337938009692,-1,-38.5,-40.5,True,36.5,-0.005044233058930425,-40.5,38837.5
2024-09-17,19438.0,19416.75,19445.0,-0.001093219467023343,-1,-56.5,-58.5,True,54.5,0.004527214734026064,54.5,38833.5
2024-09-18,19445.0,19743.5,19583.75,0.015350989971715023,1,-319.5,-321.5,True,-321.5,0.013551041398817132,-321.5,39487.0
2024-09-19,19583.75,20107.75,20081.75,0.026756877513244293,1,-52.0,-54.0,True,-54.0,0.021714431607838147,-54.0,40215.5
2024-09-20,20081.75,20037.0,20033.0,-0.0022283914499483526,-1,8.0,6.0,True,-10.0,-0.003996165672812357,6.0,40074.0
2024-09-23,20033.0,20074.75,20076.5,0.002084061298856854,1,3.5,1.5,True,1.5,0.0016472819847253017,1.5,40149.5
2024-09-24,20076.5,20151.75,20171.0,0.003748163275471228,1,38.5,36.5,True,36.5,0.0007844992902148462,36.5,40303.5
2024-09-25,20171.0,20181.5,20194.75,0.0005205493034554642,1,26.5,24.5,True,24.5,0.003036537603490208,24.5,40363.0
2024-09-26,20194.75,20345.5,20341.5,0.007464811399002125,1,-8.0,-10.0,True,-10.0,0.01151289320244131,-10.0,40691.0
2024-09-27,20341.5,20240.0,20223.0,-0.004989799179018317,-1,34.0,32.0,True,-36.0,-0.000663667871100948,32.0,40480.0
2024-09-30,20223.0,20154.0,20270.25,-0.0034119566829847736,-1,-232.5,-234.5,True,230.5,-0.0009518864659051607,-234.5,40308.0
2024-10-01,20270.25,20038.25,19978.5,-0.01144534477867809,-1,119.5,117.5,True,-121.5,-0.011174011174011178,117.5,40076.5
2024-10-02,19978.5,20047.0,20009.75,0.0034286858372751805,1,-74.5,-76.5,True,-76.5,-0.003140876442175311,72.5,40094.0
2024-10-03,20009.75,19923.0,19988.0,-0.004335386499081717,-1,-130.0,-132.0,True,128.0,0.0006996589162782119,128.0,39846.0
2024-10-04,19988.0,20196.0,20227.25,0.010406243746247767,1,62.5,60.5,True,60.5,0.0048779267560536965,60.5,40392.0
2024-10-07,20227.25,19995.75,19999.0,-0.011444956679726559,-1,-6.5,-8.5,True,4.5,-0.005833714419903879,-8.5,39991.5
2024-10-08,19999.0,20288.5,20300.0,0.01447572378618922,1,23.0,21.0,True,21.0,0.007837891894594717,21.0,40577.0
2024-10-09,20300.0,20432.25,20458.5,0.0065147783251231495,1,52.5,50.5,True,50.5,-0.001662561576354693,-54.5,40864.5
2024-10-10,20458.5,20415.0,20429.5,-0.0021262555905857683,-1,-29.0,-31.0,True,27.0,-0.0049490431849842365,-31.0,40830.0
2024-10-11,20429.5,20481.5,20449.0,0.0025453388482341577,1,-65.0,-67.0,True,-67.0,-0.003475366504319788,63.0,40963.0
2024-10-14,20449.0,20638.5,20621.5,0.00926695681940437,1,-34.0,-36.0,True,-36.0,0.01084405105384123,-36.0,41277.0
2024-10-15,20621.5,20294.25,20343.75,-0.01586935964891012,-1,-99.0,-101.0,True,97.0,0.0003879446209054116,97.0,40588.5
2024-10-16,20343.75,20348.5,20346.5,0.0002334869431643849,1,-4.0,-6.0,True,-6.0,-0.00591090629800306,2.0,40697.0
2024-10-17,20346.5,20381.0,20364.0,0.0016956233258791364,1,-34.0,-36.0,True,-36.0,0.004300493942447137,-36.0,40762.0
2024-10-18,20364.0,20490.5,20482.5,0.006211942643881363,1,-16.0,-18.0,True,-18.0,0.005463072087998455,-18.0,40981.0
2024-10-21,20482.5,20478.75,20520.5,-0.00018308311973636027,-1,-83.5,-85.5,True,81.5,0.0005248382765776771,81.5,40957.5
2024-10-22,20520.5,20546.5,20540.25,0.0012670256572695493,1,-12.5,-14.5,True,-14.5,-0.002875173606880943,10.5,41093.0
2024-10-23,20540.25,20185.5,20218.5,-0.0172709679775076,-1,-66.0,-68.0,True,64.0,-0.005245797884641079,-68.0,40371.0
2024-10-24,20218.5,20390.0,20380.0,0.008482330538862826,1,-20.0,-22.0,True,-22.0,0.005898063654573793,-22.0,40780.0
2024-10-25,20380.0,20514.0,20495.0,0.006575073601570169,1,-38.0,-40.0,True,-40.0,0.013162414131501432,-40.0,41028.0
2024-10-28,20495.0,20527.75,20500.0,0.001597950719687713,1,-55.5,-57.5,True,-57.5,0.0029885337887289865,-57.5,41055.5
2024-10-29,20500.0,20742.0,20695.25,0.011804878048780498,1,-93.5,-95.5,True,-95.5,0.0006829268292682933,-95.5,41484.0
2024-10-30,20695.25,20571.5,20536.0,-0.005979633007574203,-1,71.0,69.0,True,-73.0,-0.003044176803855936,69.0,41143.0
2024-10-31,20536.0,20080.75,20012.5,-0.022168387222438635,-1,136.5,134.5,True,-138.5,-0.018004966887417262,134.5,40161.5
2024-11-01,20012.5,20157.0,20146.75,0.007220487195502834,1,-20.5,-22.5,True,-22.5,0.0077576514678325825,-22.5,40314.0
2024-11-04,20146.75,20118.25,20085.75,-0.001414620224105656,-1,65.0,63.0,True,-67.0,-0.0007569459093899056,63.0,40236.5
2024-11-05,20085.75,20330.75,20341.25,0.01219770235116946,1,21.0,19.0,True,19.0,0.010181347472710822,19.0,40661.5
2024-11-06,20341.25,20903.25,20893.5,0.02762858723038164,1,-19.5,-21.5,True,-21.5,0.016468997726295065,-21.5,41806.5
2024-11-07,20893.5,21231.25,21221.75,0.016165314571517486,1,-19.0,-21.0,True,-21.0,0.010326177997941999,-21.0,42462.5
2024-11-08,21221.75,21220.0,21234.0,-8.246256788435602e-05,-1,-28.0,-30.0,True,26.0,-0.000624359442553013,-30.0,42440.0
2024-11-11,21234.0,21192.5,21220.0,-0.0019544127342940865,-1,-55.0,-57.0,True,53.0,-0.0029316191014411297,-57.0,42385.0
2024-11-12,21220.0,21185.5,21185.25,-0.0016258246936852183,-1,0.5,-1.5,True,-2.5,0.000706880301602153,-2.5,42371.0
2024-11-13,21185.25,21181.25,21159.0,-0.00018881061115638698,-1,44.5,42.5,True,-46.5,-0.002112318712311656,42.5,42362.5
2024-11-14,21159.0,21023.25,21008.75,-0.006415709627109023,-1,29.0,27.0,True,-31.0,-0.003166501252422127,27.0,42046.5
2024-11-15,21008.75,20480.25,20491.75,-0.0251561849229488,-1,-23.0,-25.0,True,21.0,-0.015172249657880665,-25.0,40960.5
2024-11-18,20491.75,20649.25,20631.25,0.007686019983651926,1,-36.0,-38.0,True,-38.0,0.0019032049483329594,-38.0,41298.5
2024-11-19,20631.25,20751.75,20765.25,0.005840654347167629,1,27.0,25.0,True,25.0,-0.003720084822780967,-29.0,41503.5
2024-11-20,20765.25,20655.0,20752.0,-0.005309350958933812,-1,-194.0,-196.0,True,192.0,-0.007271764125161062,-196.0,41310.0
2024-11-21,20752.0,20869.25,20823.5,0.005650057825751675,1,-91.5,-93.5,True,-93.5,-0.004083943716268301,89.5,41738.5
2024-11-22,20823.5,20823.75,20847.5,1.2005666674586024e-05,1,47.5,45.5,True,45.5,0.0015607366677070633,45.5,41647.5
2024-11-25,20847.5,20857.75,20878.0,0.0004916656673461528,1,40.5,38.5,True,38.5,0.004640844225926477,38.5,41715.5
2024-11-26,20878.0,20956.5,20989.5,0.00375993869144553,1,66.0,64.0,True,64.0,0.004478398314014642,64.0,41913.0
2024-11-27,20989.5,20799.25,20816.75,-0.00906405583744252,-1,-35.0,-37.0,True,33.0,-0.00620548369422802,-37.0,41598.5
2024-12-02,20991.5,21236.0,21217.0,0.011647571636138387,1,-38.0,-40.0,True,-40.0,0.0075506752733249805,-40.0,42472.0
2024-12-03,21217.0,21255.5,21279.0,0.001814582645991436,1,47.0,45.0,True,45.0,-0.0006127162181269741,-49.0,42511.0
2024-12-04,21279.0,21521.25,21537.25,0.011384463555618174,1,32.0,30.0,True,30.0,0.006473518492410291,30.0,43042.5
2024-12-05,21537.25,21471.75,21475.25,-0.003041242498461938,-1,-7.0,-9.0,True,5.0,-0.0012536419459309167,-9.0,42943.5
2024-12-06,21475.25,21648.5,21658.25,0.00806742645603653,1,19.5,17.5,True,17.5,0.0061698932492055825,17.5,43297.0
2024-12-09,21658.25,21445.75,21485.75,-0.009811503699514001,-1,-80.0,-82.0,True,78.0,-0.0016044694285087813,-82.0,42891.5
2024-12-10,21485.75,21371.5,21408.0,-0.005317477863234887,-1,-73.0,-75.0,True,71.0,0.0028390910254469937,71.0,42743.0
2024-12-11,21408.0,21815.75,21791.5,0.01904661808669661,1,-48.5,-50.5,True,-50.5,0.013452914798206317,-50.5,43631.5
2024-12-12,21791.5,21653.5,21643.25,-0.006332744418695357,-1,20.5,18.5,True,-22.5,-0.004956060849413801,18.5,43307.0
2024-12-13,21643.25,21811.0,21797.5,0.0077506843935175596,1,-27.0,-29.0,True,-29.0,0.01096184722719551,-29.0,43622.0
2024-12-16,21797.5,22145.5,22111.5,0.0159651336162403,1,-68.0,-70.0,True,-70.0,0.00794815919256786,-70.0,44291.0
2024-12-17,22111.5,21971.25,22015.75,-0.006342853266399828,-1,-89.0,-91.0,True,87.0,-0.004827804536101099,-91.0,43942.5
2024-12-18,22015.75,21440.5,21211.75,-0.026129021268864294,-1,457.5,455.5,True,-459.5,-0.001192328219570049,455.5,42881.0
2024-12-19,21211.75,21489.0,21376.75,0.013070585878109942,1,-224.5,-226.5,True,-226.5,0.01730173135172719,-226.5,42978.0
2024-12-20,21376.75,21651.5,21567.5,0.01285274889775101,1,-168.0,-170.0,True,-170.0,-0.00685324008560706,166.0,43303.0
2024-12-23,21567.5,21707.25,21755.75,0.006479656891155594,1,97.0,95.0,True,95.0,0.00288628723774198,95.0,43414.5
2024-12-26,22046.25,22047.5,22007.25,5.669898508808835e-05,1,-80.5,-82.5,True,-82.5,-0.004036967738277442,78.5,44095.0
2024-12-27,22007.25,21649.5,21703.0,-0.016256006543298285,-1,-107.0,-109.0,True,105.0,-0.01415442638221498,-109.0,43299.0
2024-12-30,21703.0,21467.75,21412.0,-0.01083951527438598,-1,111.5,109.5,True,-113.5,-0.019075703819748435,109.5,42935.5
2024-12-31,21412.0,21308.75,21220.75,-0.00482206239491878,-1,176.0,174.0,True,-178.0,0.00103913693256108,-178.0,42617.5
2025-01-02,21220.75,21156.25,21169.5,-0.0030394778695380653,-1,-26.5,-28.5,True,24.5,0.008046369708893497,24.5,42312.5
2025-01-03,21169.5,21522.5,21508.25,0.01667493327664804,1,-28.5,-30.5,True,-30.5,0.010108883062897034,-30.5,43045.0
2025-01-06,21508.25,21727.25,21750.0,0.01018213941162105,1,45.5,43.5,True,43.5,0.014436320946613401,43.5,43454.5
2025-01-07,21750.0,21326.75,21359.5,-0.019459770114942487,-1,-65.5,-67.5,True,63.5,-0.0017701149425287666,-67.5,42653.5
2025-01-08,21359.5,21348.5,21360.25,-0.0005149933284954722,-1,-23.5,-25.5,True,21.5,-0.0007139680235960233,-25.5,42697.0
2025-01-10,21360.25,21011.25,21016.0,-0.016338760080055192,-1,-9.5,-11.5,True,7.5,-0.014302267061480967,-11.5,42022.5
2025-01-13,21016.0,20884.25,20948.0,-0.006269033117624612,-1,-127.5,-129.5,True,125.5,-0.010206509326227686,-129.5,41768.5
2025-01-14,20948.0,20834.75,20923.75,-0.005406244032843177,-1,-178.0,-180.0,True,176.0,0.001563395073515439,176.0,41669.5
2025-01-15,20923.75,21440.0,21396.0,0.024672919529242998,1,-88.0,-90.0,True,-90.0,0.019284306111476246,-90.0,42880.0
2025-01-16,21396.0,21331.5,21248.0,-0.003014582164890589,-1,167.0,165.0,True,-169.0,-0.0008412787436904434,165.0,42663.0
2025-01-17,21248.0,21600.75,21600.25,0.0166015625,1,-1.0,-3.0,True,-3.0,0.012142319277108404,-3.0,43201.5
2025-01-21,21680.5,21742.75,21714.5,0.0028712437443785266,1,-56.5,-58.5,True,-58.5,-0.0022946887756278844,54.5,43485.5
2025-01-22,21714.5,22015.25,21997.25,0.013850192267839567,1,-36.0,-38.0,True,-38.0,0.013792627046443684,-38.0,44030.5
2025-01-23,21997.25,21970.0,22042.0,-0.001238791212537893,-1,-144.0,-146.0,True,142.0,-0.004511927627317003,-146.0,43940.0
2025-01-24,22042.0,21864.5,21908.5,-0.008052808275111123,-1,-88.0,-90.0,True,86.0,0.0006918609926502839,86.0,43729.0
2025-01-27,21908.5,21177.0,21258.5,-0.03338886733459612,-1,-163.0,-165.0,True,161.0,-0.026359632106260134,-165.0,42354.0
2025-01-28,21258.5,21616.75,21576.0,0.016852082696333204,1,-81.5,-83.5,True,-83.5,0.001223040195686531,-83.5,43233.5
2025-01-29,21576.0,21584.0,21530.0,0.0003707823507601571,1,-108.0,-110.0,True,-110.0,-0.0026765850945494885,106.0,43168.0
2025-01-30,21530.0,21690.5,21624.25,0.007454714352066905,1,-132.5,-134.5,True,-134.5,0.006618671620993943,-134.5,43381.0
2025-01-31,21624.25,21558.0,21580.25,-0.0030636900701758174,-1,-44.5,-46.5,True,42.5,0.011260506144721738,42.5,43116.0
2025-02-03,21580.25,21458.0,21406.75,-0.005664901935797828,-1,102.5,100.5,True,-104.5,-0.016913613141645745,100.5,42916.0
2025-02-04,21406.75,21629.5,21668.0,0.01040559636563243,1,77.0,75.0,True,75.0,0.007123921193081584,75.0,43259.0
2025-02-05,21668.0,21744.0,21761.5,0.0035074764629869915,1,35.0,33.0,True,33.0,-0.0048227801366069745,-37.0,43488.0
2025-02-06,21761.5,21790.0,21871.0,0.0013096523677136318,1,162.0,160.0,True,160.0,0.0012981641890494888,160.0,43580.0
2025-02-07,21871.0,21575.25,21588.25,-0.013522472680718711,-1,-26.0,-28.0,True,24.0,0.001554569978510445,24.0,43150.5
2025-02-10,21588.25,21862.75,21843.0,0.01271525019397135,1,-39.5,-41.5,True,-41.5,0.009472745590772824,-41.5,43725.5
2025-02-11,21843.0,21810.75,21790.25,-0.0014764455431945933,-1,41.0,39.0,True,-43.0,-0.0029986723435425633,39.0,43621.5
2025-02-12,21790.25,21815.5,21801.75,0.0011587751402577506,1,-27.5,-29.5,True,-29.5,-0.005208751620564223,25.5,43631.0
2025-02-13,21801.75,22084.5,22109.0,0.012969142385359067,1,49.0,47.0,True,47.0,0.005423876523673599,47.0,44169.0
2025-02-14,22109.0,22185.5,22194.5,0.003460129359084574,1,18.0,16.0,True,16.0,0.000825455696775057,16.0,44371.0
2025-02-18,22235.25,22170.0,22238.75,-0.0029345296320032466,-1,-137.5,-139.5,True,135.5,-0.001495373337380923,-139.5,44340.0
2025-02-19,22238.75,22219.25,22246.75,-0.0008768478444156624,-1,-55.0,-57.0,True,53.0,-0.003192625484795708,-57.0,44438.5
2025-02-20,22246.75,22101.75,22145.25,-0.006517805971658741,-1,-87.0,-89.0,True,85.0,-0.010630766291705562,-89.0,44203.5
2025-02-21,22145.25,21701.75,21682.5,-0.020026868064257575,-1,38.5,36.5,True,-40.5,-0.0022352423205879157,36.5,43403.5
2025-02-24,21682.5,21522.25,21421.75,-0.007390752911334064,-1,201.0,199.0,True,-203.0,-0.005280756370344752,199.0,43044.5
2025-02-25,21421.75,21227.0,21150.25,-0.00909122737404744,-1,153.5,151.5,True,-155.5,-0.0075157258393921955,151.5,42454.0
2025-02-26,21150.25,21148.25,21192.0,-9.456153000553247e-05,-1,-87.5,-89.5,True,85.5,0.007103934941667278,85.5,42296.5
2025-02-27,21192.0,20688.75,20608.5,-0.02374716874292182,-1,160.5,158.5,True,-162.5,-0.008682521706304236,158.5,41377.5
2025-02-28,20608.5,20766.25,20920.25,0.007654608535313079,1,308.0,306.0,True,306.0,-0.0006914622607177012,-310.0,41532.5
2025-03-03,20920.25,20381.25,20473.25,-0.025764510462351065,-1,-184.0,-186.0,True,182.0,-0.0028919348478149143,-186.0,40762.5
2025-03-04,20473.25,20671.5,20397.25,0.00968336732077213,1,-548.5,-550.5,True,-550.5,-0.011832513157412738,546.5,41343.0
2025-03-05,20397.25,20690.0,20658.0,0.014352424959247045,1,-64.0,-66.0,True,-66.0,-0.004044662883476935,62.0,41380.0
2025-03-06,20658.0,20105.5,20094.0,-0.026745086649240024,-1,23.0,21.0,True,-25.0,-0.018189079291315746,21.0,40211.0
2025-03-07,20094.0,20225.5,20224.75,0.006544242062307193,1,-1.5,-3.5,True,-3.5,0.0022892405693242246,-3.5,40451.0
2025-03-10,20224.75,19434.0,19463.25,-0.039098134711183063,-1,-58.5,-60.5,True,56.5,-0.02147121719675149,-60.5,38868.0
2025-03-11,19463.25,19552.0,19392.75,0.00455987566310867,1,-318.5,-320.5,True,-320.5,0.0030185092417762682,-320.5,39104.0
2025-03-12,19392.75,19619.0,19609.25,0.011666731123744611,1,-19.5,-21.5,True,-21.5,0.012917198437560451,-21.5,39238.0
2025-03-13,19609.25,19261.25,19252.0,-0.017746726672361213,-1,18.5,16.5,True,-20.5,-0.012341114525032837,16.5,38522.5
2025-03-14,19252.0,19668.25,19705.25,0.0216211302721796,1,74.0,72.0,True,72.0,0.015219198005401946,72.0,39336.5
2025-03-17,19705.25,19917.75,19832.5,0.010783928140977617,1,-170.5,-172.5,True,-172.5,0.004237449410690042,-172.5,39835.5
2025-03-18,19832.5,19503.5,19501.75,-0.016588932308080118,-1,3.5,1.5,True,-5.5,-0.018366317912517305,1.5,39007.0
2025-03-19,19501.75,19752.75,19749.25,0.01287063981437564,1,-7.0,-9.0,True,-9.0,0.006012280949145632,-9.0,39505.5
2025-03-20,19749.25,19833.0,19881.5,0.004240667367115147,1,97.0,95.0,True,95.0,0.009354785624770656,95.0,39666.0
2025-03-21,19881.5,19840.75,19952.75,-0.0020496441415386313,-1,-224.0,-226.0,True,222.0,-0.008186002062218645,-226.0,39681.5
2025-03-24,19952.75,20370.5,20366.0,0.020936963576449363,1,-9.0,-11.0,True,-11.0,0.018167921715051882,-11.0,40741.0
2025-03-25,20366.0,20438.25,20488.25,0.003547579298831316,1,100.0,98.0,True,98.0,0.0022954924874791782,98.0,40876.5
2025-03-26,20488.25,20065.0,20112.5,-0.020658182128781122,-1,-95.0,-97.0,True,93.0,-0.008407257818505709,-97.0,40130.0
2025-03-27,20112.5,20110.25,19995.25,-0.00011187072715967972,-1,230.0,228.0,True,-232.0,-0.001777501553760108,228.0,40220.5
2025-03-28,19995.25,19459.0,19461.5,-0.026818869481501806,-1,-5.0,-7.0,True,3.0,-0.006976656956027005,-7.0,38918.0
2025-03-31,19461.5,19365.75,19450.25,-0.004919970197569512,-1,-169.0,-171.0,True,167.0,-0.019127508157130713,-171.0,38731.5
2025-04-01,19450.25,19475.5,19603.25,0.001298183827971311,1,255.5,253.5,True,253.5,-0.004254444030282412,-257.5,38951.0
2025-04-02,19603.25,19693.75,19746.5,0.0046165814342009615,1,105.5,103.5,True,103.5,-0.0036728603675411087,-107.5,39387.5
2025-04-03,19746.5,18726.25,18686.25,-0.05166738409338367,-1,80.0,78.0,True,-82.0,-0.03839920998657986,78.0,37452.5
2025-04-04,18686.25,17745.0,17535.75,-0.05037126229179212,-1,418.5,416.5,True,-420.5,-0.026289383905277908,416.5,35490.0
2025-04-07,17535.75,17434.25,17560.25,-0.005788175584163779,-1,-252.0,-254.0,True,250.0,-0.014912393253781575,-254.0,34868.5
2025-04-08,17560.25,17269.75,17239.25,-0.01654304466052592,-1,61.0,59.0,True,-63.0,0.03919363334804449,-63.0,34539.5
2025-04-09,17239.25,19149.25,19272.0,0.11079368301985304,1,245.5,243.5,True,243.5,0.012007482924141222,243.5,38298.5
2025-04-10,19272.0,18386.0,18483.25,-0.04597343295973433,-1,-194.5,-196.5,True,192.5,-0.031665110004151065,-196.5,36772.0
2025-04-11,18483.25,18829.25,18808.75,0.01871965157642741,1,-41.0,-43.0,True,-43.0,0.0036249036289612846,-43.0,37658.5
2025-04-14,18808.75,19039.75,18941.0,0.01228151791054688,1,-197.5,-199.5,True,-199.5,0.01262710174785675,-199.5,38079.5
2025-04-15,18941.0,18962.25,18959.75,0.0011219048624677708,1,-5.0,-7.0,True,-7.0,0.0066786336518662726,-7.0,37924.5
2025-04-16,18959.75,18135.0,18387.5,-0.0435000461503976,-1,-505.0,-507.0,True,503.0,-0.02298289798124975,-507.0,36270.0
2025-04-17,18387.5,18374.5,18373.0,-0.0007070020394289722,-1,3.0,1.0,True,-5.0,0.004337185588035419,-5.0,36749.0
2025-04-21,18373.0,17778.0,17922.25,-0.032384477222010544,-1,-288.5,-290.5,True,286.5,-0.02060088172862351,-290.5,35556.0
2025-04-22,17922.25,18273.0,18379.75,0.01957064542677389,1,213.5,211.5,True,211.5,0.01849656153663748,211.5,36546.0
2025-04-23,18379.75,18775.0,18788.0,0.02150464505774008,1,26.0,24.0,True,24.0,0.03737809273793169,24.0,37550.0
2025-04-24,18788.0,19239.75,19319.25,0.024044602938045667,1,159.0,157.0,True,157.0,0.014011603150947405,157.0,38479.5
2025-04-25,19319.25,19487.5,19530.0,0.00870893021209418,1,85.0,83.0,True,83.0,-0.003105710625412428,-87.0,38975.0
2025-04-28,19530.0,19506.75,19524.0,-0.0011904761904761862,-1,-34.5,-36.5,True,32.5,-0.003341013824884831,-36.5,39013.5
2025-04-29,19524.0,19649.0,19645.0,0.006402376562179901,1,-8.0,-10.0,True,-10.0,-0.0010371850030731489,6.0,39298.0
2025-04-30,19645.0,19478.5,19642.5,-0.00847543904301351,-1,-328.0,-330.0,True,326.0,-0.02685161618732501,-330.0,38957.0
2025-05-01,19642.5,20016.75,19877.5,0.019053073692248956,1,-278.5,-280.5,True,-280.5,0.012332951508209344,-280.5,40033.5
2025-05-02,19877.5,20222.0,20185.5,0.017331153314048553,1,-73.0,-75.0,True,-75.0,0.009822663815872268,-75.0,40444.0
2025-05-05,20185.5,20113.25,20065.5,-0.0035793019741894305,-1,95.5,93.5,True,-97.5,-0.006229719353000873,93.5,40226.5
2025-05-06,20065.5,19948.25,19875.75,-0.005843362986220124,-1,145.0,143.0,True,-147.0,-0.01539956641997453,143.0,39896.5
2025-05-07,19875.75,19773.5,19950.0,-0.005144459957485914,-1,-353.0,-355.0,True,351.0,0.0030439102926933526,351.0,39547.0
2025-05-08,19950.0,20321.0,20152.75,0.018596491228070278,1,-336.5,-338.5,True,-338.5,0.007017543859649145,-338.5,40642.0
2025-05-09,20152.75,20157.0,20136.5,0.00021088933272128685,1,-41.0,-43.0,True,-43.0,0.005036533475580196,-43.0,40314.0
2025-05-12,20136.5,20884.25,20949.75,0.03713406004022546,1,131.0,129.0,True,129.0,0.032292106373997376,129.0,41768.5
2025-05-13,20949.75,21321.0,21270.5,0.017720975190634647,1,-101.0,-103.0,True,-103.0,0.008365254955309709,-103.0,42642.0
2025-05-14,21270.5,21355.75,21396.75,0.004007898262852416,1,82.0,80.0,True,80.0,0.002832561528878008,80.0,42711.5
2025-05-15,21396.75,21320.75,21419.25,-0.0035519412994964306,-1,-197.0,-199.0,True,195.0,-0.0045801348335611225,-199.0,42641.5
2025-05-16,21419.25,21496.0,21505.25,0.0035832253697025696,1,18.5,16.5,True,16.5,0.0010271134610222443,16.5,42992.0
2025-05-19,21505.25,21458.5,21523.0,-0.0021738877715906657,-1,-129.0,-131.0,True,127.0,-0.006928540705176678,-131.0,42917.0
2025-05-20,21523.0,21377.5,21447.25,-0.006760210007898504,-1,-139.5,-141.5,True,137.5,-0.00597035729219908,-141.5,42755.0
2025-05-21,21447.25,21096.5,21148.75,-0.016354078028651742,-1,-104.5,-106.5,True,102.5,-0.0034153562811083393,-106.5,42193.0
2025-05-22,21148.75,21324.25,21183.75,0.008298362787398705,1,-281.0,-283.0,True,-283.0,0.006513387316035235,-283.0,42648.5
2025-05-23,21183.75,21014.25,20978.75,-0.008001416179854837,-1,71.0,69.0,True,-73.0,-0.013996577565350776,69.0,42028.5
2025-05-27,21284.5,21436.5,21465.75,0.007141346989593345,1,58.5,56.5,True,56.5,0.0005050623693299006,56.5,42873.0
2025-05-28,21465.75,21458.25,21372.75,-0.00034939380175391666,-1,171.0,169.0,True,-173.0,4.658584023387036e-05,-173.0,42916.5
2025-05-29,21372.75,21370.75,21411.75,-9.357710168322875e-05,-1,-82.0,-84.0,True,80.0,0.006796037009743738,80.0,42741.5
2025-05-30,21411.75,21387.25,21369.5,-0.0011442315551041249,-1,35.5,33.5,True,-37.5,-0.007087230142328371,33.5,42774.5
2025-06-02,21369.5,21531.5,21533.25,0.007580898008844317,1,3.5,1.5,True,1.5,-0.0028779335033576325,-5.5,43063.0
2025-06-03,21533.25,21713.0,21704.0,0.008347555524595762,1,-18.0,-20.0,True,-20.0,0.002600629259401188,-20.0,43426.0
2025-06-04,21704.0,21784.5,21757.5,0.0037089937338739,1,-54.0,-56.0,True,-56.0,0.00209638776262433,-56.0,43569.0
2025-06-05,21757.5,21575.0,21587.5,-0.008387912214179005,-1,-25.0,-27.0,True,23.0,-0.0015511892450879028,-27.0,43150.0
2025-06-06,21587.5,21808.75,21789.5,0.010248986682107608,1,-38.5,-40.5,True,-40.5,0.011696583671106042,-40.5,43617.5
2025-06-09,21789.5,21856.75,21818.5,0.0030863489295303026,1,-76.5,-78.5,True,-78.5,-0.00011473416094909261,74.5,43713.5
2025-06-10,21818.5,21967.75,21964.75,0.006840525242340245,1,-6.0,-8.0,True,-8.0,0.0017989320989069135,-8.0,43935.5
2025-06-11,21964.75,21850.25,21887.75,-0.0052128979387428,-1,-75.0,-77.0,True,73.0,0.0007056761401791345,73.0,43700.5
2025-06-12,21887.75,21936.0,21936.75,0.002204429418281917,1,1.5,-0.5,True,-0.5,-0.0013934735182922209,-3.5,43872.0
2025-06-13,21936.75,21633.25,21652.25,-0.013835230834102541,-1,-38.0,-40.0,True,36.0,-0.00936784163561144,-40.0,43266.5
2025-06-16,21652.25,21940.5,21948.5,0.013312704222425031,1,16.0,14.0,True,14.0,0.012723850870002051,14.0,43881.0
2025-06-17,21948.5,21761.5,21730.5,-0.008519944415335878,-1,62.0,60.0,True,-64.0,-0.003587944506458274,60.0,43523.0
2025-06-18,21730.5,21922.25,21948.5,0.008824003129242364,1,52.5,50.5,True,50.5,0.01244794183290776,50.5,43844.5
2025-06-20,21704.25,21813.5,21842.75,0.005033576373290938,1,58.5,56.5,True,56.5,0.014478731124088595,56.5,43627.0
2025-06-23,21842.75,22055.5,22073.0,0.009740073937576588,1,35.0,33.0,True,33.0,0.003776996944066191,33.0,44111.0
2025-06-24,22073.0,22421.5,22405.25,0.01578851991120378,1,-32.5,-34.5,True,-34.5,0.009978253975445162,-34.5,44843.0
2025-06-25,22405.25,22440.75,22463.0,0.0015844500730854971,1,44.5,42.5,True,42.5,0.00523314848082479,42.5,44881.5
2025-06-26,22463.0,22671.0,22673.25,0.00925967145973372,1,4.5,2.5,True,2.5,0.003605929751146375,2.5,45342.0
2025-06-27,22673.25,22671.25,22752.0,-8.820967439604477e-05,-1,-161.5,-163.5,True,159.5,0.004024566394319251,159.5,45342.5
2025-06-30,22752.0,22877.25,22885.75,0.005505010548523259,1,17.0,15.0,True,15.0,0.0032964135021096297,15.0,45754.5
2025-07-01,22885.75,22725.75,22693.0,-0.006991250013654748,-1,65.5,63.5,True,-67.5,-0.004522464852582897,63.5,45451.5
2025-07-02,22693.0,22824.25,22844.75,0.005783721852553603,1,41.0,39.0,True,39.0,0.0006059137178866525,39.0,45648.5
2025-07-07,22904.5,22847.0,22883.75,-0.002510423715863741,-1,-73.5,-75.5,True,71.5,0.0017791263725468465,71.5,45694.0
2025-07-08,22883.75,22890.25,22891.75,0.0002840443546183735,1,3.0,1.0,True,1.0,-0.00010924782869936589,-5.0,45780.5
2025-07-09,22891.75,23036.75,23051.0,0.006334159686349983,1,28.5,26.5,True,26.5,0.008463747856760628,26.5,46073.5
2025-07-10,23051.0,23028.75,23015.0,-0.0009652509652510188,-1,27.5,25.5,True,-29.5,-0.003947767992711793,25.5,46057.5
2025-07-11,23015.0,22980.0,22955.25,-0.0015207473386921189,-1,49.5,47.5,True,-51.5,-0.0022159461220943033,47.5,45960.0
2025-07-14,22955.25,23042.25,23034.5,0.0037899826836997885,1,-15.5,-17.5,True,-17.5,-0.0018949913418498943,13.5,46084.5
2025-07-15,23034.5,23088.5,23052.0,0.0023443096225226334,1,-73.0,-75.0,True,-75.0,0.0044932601098353064,-75.0,46177.0
2025-07-16,23052.0,23072.0,23074.5,0.0008676036786396946,1,5.0,3.0,True,3.0,-0.0036547804962693275,-7.0,46144.0
2025-07-17,23074.5,23261.75,23257.75,0.008115018743634739,1,-8.0,-10.0,True,-10.0,0.003272010227740596,-10.0,46523.5
2025-07-18,23257.75,23212.5,23226.75,-0.0019455880297964967,-1,-28.5,-30.5,True,26.5,7.524373595901857e-05,26.5,46425.0
2025-07-21,23226.75,23368.75,23344.25,0.006113640522242614,1,-49.0,-51.0,True,-51.0,0.006404253716081776,-51.0,46737.5
2025-07-22,23344.25,23239.0,23221.0,-0.004508604902706215,-1,36.0,34.0,True,-38.0,-0.008642385169795541,34.0,46478.0
2025-07-23,23221.0,23293.25,23324.5,0.0031114077774427873,1,62.5,60.5,True,60.5,-0.0023793118298092164,-64.5,46586.5
2025-07-24,23324.5,23415.75,23376.5,0.003912195331089663,1,-78.5,-80.5,True,-80.5,0.0016613432227914338,-80.5,46831.5
2025-07-25,23376.5,23439.5,23422.75,0.0026950142236861208,1,-33.5,-35.5,True,-35.5,0.0005668085470451611,-35.5,46879.0
2025-07-28,23422.75,23462.0,23491.75,0.0016757212539091348,1,59.5,57.5,True,57.5,0.004151946291532704,57.5,46924.0
2025-07-29,23491.75,23458.5,23457.0,-0.0014153905094341779,-1,3.0,1.0,True,-5.0,0.004171677290963904,-5.0,46917.0
2025-07-30,23457.0,23394.75,23484.25,-0.002653792045018588,-1,-179.0,-181.0,True,177.0,0.0011190689346463056,177.0,46789.5
2025-07-31,23484.25,23377.5,23354.0,-0.004545599710444215,-1,47.0,45.0,True,-49.0,0.007952138135133069,-49.0,46755.0
2025-08-01,23354.0,22877.0,22880.75,-0.020424766635265934,-1,-7.5,-9.5,True,5.5,-0.020210670548942322,-9.5,45754.0
2025-08-04,22880.75,23266.5,23296.75,0.01685915015897632,1,60.5,58.5,True,58.5,0.015985052937512956,58.5,46533.0
2025-08-05,23296.75,23171.0,23133.75,-0.005397748613003905,-1,74.5,72.5,True,-76.5,0.003487610932855434,-76.5,46342.0
2025-08-06,23133.75,23430.5,23424.75,0.01282757875398488,1,-11.5,-13.5,True,-13.5,0.002896201437293966,-13.5,46861.0
2025-08-07,23424.75,23395.25,23502.0,-0.00125935175402081,-1,-213.5,-215.5,True,211.5,0.009808002219874323,211.5,46790.5
2025-08-08,23502.0,23707.25,23713.75,0.008733299293677055,1,13.0,11.0,True,11.0,0.006031401582843987,11.0,47414.5
2025-08-11,23713.75,23662.25,23638.5,-0.0021717358072848025,-1,47.5,45.5,True,-49.5,0.0013178008539349584,-49.5,47324.5
2025-08-12,23638.5,23923.25,23934.0,0.012046026609133342,1,21.5,19.5,True,19.5,0.0006345580303319664,19.5,47846.5
2025-08-13,23934.0,23936.0,23943.25,8.356313194624043e-05,1,14.5,12.5,True,12.5,0.0034783153672599543,12.5,47872.0
2025-08-14,23943.25,23928.25,23921.5,-0.0006264813673999559,-1,13.5,11.5,True,-15.5,-0.00028191661532994683,11.5,47856.5
2025-08-15,23921.5,23807.25,23805.75,-0.004776038291913087,-1,3.0,1.0,True,-5.0,-0.004796939991221327,1.0,47614.5
2025-08-18,23805.75,23791.75,23796.75,-0.0005880932127741989,-1,-10.0,-12.0,True,8.0,-0.0023943795091522224,-12.0,47583.5
2025-08-19,23796.75,23459.25,23470.25,-0.01418260896971224,-1,-22.0,-24.0,True,20.0,-0.004958660321262354,-24.0,46918.5
2025-08-20,23470.25,23319.75,23324.75,-0.006412373110640024,-1,-10.0,-12.0,True,8.0,-0.012633014134915466,-12.0,46639.5
2025-08-21,23324.75,23237.0,23218.0,-0.003762098200409403,-1,38.0,36.0,True,-40.0,-0.005927180355630779,36.0,46474.0
2025-08-22,23218.0,23575.25,23565.0,0.015386768886209046,1,-20.5,-22.5,True,-22.5,0.0020350590059436957,-22.5,47150.5
2025-08-25,23565.0,23552.75,23495.5,-0.0005198387438998253,-1,114.5,112.5,True,-116.5,-0.0019308296201994146,112.5,47105.5
2025-08-26,23495.5,23567.25,23587.0,0.0030537762550275627,1,39.5,37.5,True,37.5,-4.256134153346469e-05,-41.5,47134.5
2025-08-27,23587.0,23597.5,23620.0,0.0004451604697501832,1,45.0,43.0,True,43.0,-0.0022152032899478424,-47.0,47195.0
2025-08-28,23620.0,23777.75,23766.25,0.006678662150719772,1,-23.0,-25.0,True,-25.0,-0.00045512277730741513,21.0,47555.5
2025-08-29,23766.25,23463.5,23473.25,-0.012738652500920433,-1,-19.5,-21.5,True,17.5,-0.010392889075895417,-21.5,46927.0
2025-09-02,23502.75,23233.75,23277.25,-0.011445469147227438,-1,-87.0,-89.0,True,85.0,-0.011466743253449097,-89.0,46467.5
2025-09-03,23277.25,23353.75,23452.0,0.0032864706956363676,1,196.5,194.5,True,194.5,0.004489361930640534,194.5,46707.5
2025-09-04,23452.0,23628.75,23666.25,0.007536670646426824,1,75.0,73.0,True,73.0,0.0011619478082893764,73.0,47257.5
2025-09-05,23666.25,23683.0,23690.5,0.0007077589394179906,1,15.0,13.0,True,13.0,0.007880420429937196,13.0,47366.0
2025-09-08,23690.5,23770.5,23803.5,0.0033768810282601702,1,66.0,64.0,True,64.0,0.0065427069922543435,64.0,47541.0
2025-09-09,23803.5,23856.5,23867.25,0.0022265633205200697,1,21.5,19.5,True,19.5,0.0004831222299241933,19.5,47713.0
2025-09-10,23867.25,23810.0,23873.75,-0.0023986843896971477,-1,-127.5,-129.5,True,125.5,0.002660549497742748,125.5,47620.0
2025-09-11,23873.75,24032.75,24011.75,0.006660034556783101,1,-42.0,-44.0,True,-44.0,0.004419079532959946,-44.0,48065.5
2025-09-12,24011.75,24124.5,24109.5,0.004695617770466454,1,-30.0,-32.0,True,-32.0,0.0014263849990108213,-32.0,48249.0
2025-09-15,24109.5,24273.75,24311.5,0.006812667205873257,1,75.5,73.5,True,73.5,0.006273460669030895,73.5,48547.5
2025-09-16,24311.5,24299.25,24286.25,-0.0005038767661394994,-1,26.0,24.0,True,-28.0,-0.0006684079550829392,24.0,48598.5
2025-09-17,24286.25,24287.75,24231.75,6.176334345564527e-05,1,-112.0,-114.0,True,-114.0,-0.002027896443460797,110.0,48575.5
2025-09-18,24231.75,24721.25,24698.25,0.020200769651387063,1,-46.0,-48.0,True,-48.0,0.019210333549991132,-48.0,49442.5
2025-09-19,24698.25,24846.25,24860.25,0.005992327391616925,1,28.0,26.0,True,26.0,0.0037350824451125586,26.0,49692.5
2025-09-22,24860.25,25017.0,24998.5,0.006305246326967717,1,-37.0,-39.0,True,-39.0,0.00048269828340430365,-39.0,50034.0
2025-09-23,24998.5,24802.5,24831.0,-0.007840470428225665,-1,-57.0,-59.0,True,55.0,-0.002330139808388476,-59.0,49605.0
2025-09-24,24831.0,24723.25,24739.5,-0.004339333897144693,-1,-32.5,-34.5,True,30.5,-0.0004228585236196736,-34.5,49446.5
2025-09-25,24739.5,24608.0,24632.0,-0.005315386325511873,-1,-48.0,-50.0,True,46.0,-0.011590775884718796,-50.0,49216.0
2025-09-26,24632.0,24725.5,24725.5,0.0037958752841831256,1,0.0,-2.0,True,-2.0,0.003024520948359921,-2.0,49451.0
2025-09-29,24725.5,24808.25,24837.25,0.0033467472851913538,1,58.0,56.0,True,56.0,0.008725809387070127,56.0,49616.5
2025-09-30,24837.25,24862.0,24897.75,0.000996487131224244,1,71.5,69.5,True,69.5,-0.001972843209292474,-73.5,49724.0
2025-10-01,24897.75,25023.75,25011.5,0.005060698255866525,1,-24.5,-26.5,True,-26.5,-0.004618891265274927,22.5,50047.5
2025-10-02,25011.5,25121.25,25108.25,0.004387981528496843,1,-26.0,-28.0,True,-28.0,0.002079043639925615,-28.0,50242.5
2025-10-03,25108.25,25004.25,24996.75,-0.0041420648591598,-1,15.0,13.0,True,-17.0,-5.974132008401689e-05,13.0,50008.5
2025-10-06,24996.75,25223.25,25184.0,0.009061177953133992,1,-78.5,-80.5,True,-80.5,0.006350825607329025,-80.5,50446.5
2025-10-07,25184.0,25033.5,25045.25,-0.005976016518424387,-1,-23.5,-25.5,True,21.5,0.002293122617534893,21.5,50067.0
2025-10-08,25045.25,25311.75,25329.5,0.010640740260129178,1,35.5,33.5,True,33.5,0.005140695341431911,33.5,50623.5
2025-10-09,25329.5,25265.0,25294.75,-0.0025464379478473687,-1,-59.5,-61.5,True,57.5,-0.0019937227343611585,-61.5,50530.0
2025-10-10,25294.75,24531.0,24402.75,-0.030194012591545638,-1,256.5,254.5,True,-258.5,0.0024807519346901064,-258.5,49062.0
2025-10-13,24402.75,24914.5,24920.75,0.020970997121226187,1,12.5,10.5,True,10.5,0.019895298685598917,10.5,49829.0
2025-10-14,24920.75,24901.5,24757.0,-0.0007724486622593396,-1,289.0,287.0,True,-291.0,-0.013843885115817134,287.0,49803.0
2025-10-15,24757.0,24943.75,24924.75,0.007543321080906384,1,-38.0,-40.0,True,-40.0,0.010391000525104,-40.0,49887.5
2025-10-16,24924.75,24735.75,24830.75,-0.007582824301146429,-1,-190.0,-192.0,True,188.0,0.005496544599243647,188.0,49471.5
2025-10-17,24830.75,25025.5,24988.5,0.007843097771915941,1,-74.0,-76.0,True,-76.0,-0.0003322493279501737,72.0,50051.0
2025-10-20,24988.5,25321.75,25299.75,0.013336134621926066,1,-44.0,-46.0,True,-46.0,0.00934429837725359,-46.0,50643.5
2025-10-21,25299.75,25308.5,25291.25,0.00034585321989344386,1,-34.5,-36.5,True,-36.5,-0.0025691953477801066,32.5,50617.0
2025-10-22,25291.25,25009.0,25040.75,-0.011159986161221713,-1,-63.5,-65.5,True,61.5,-0.0013146839321900305,-65.5,50018.0
2025-10-23,25040.75,25274.75,25252.5,0.009344768028114236,1,-44.5,-46.5,True,-46.5,0.00478220500584059,-46.5,50549.5
2025-10-24,25252.5,25561.0,25509.0,0.0122166122166123,1,-104.0,-106.0,True,-106.0,0.008820908820908802,-106.0,51122.0
2025-10-27,25509.0,25927.0,25961.0,0.01638637343682614,1,68.0,66.0,True,66.0,0.013299227723548634,66.0,51854.0
2025-10-28,25961.0,26225.5,26160.25,0.010188359462270258,1,-130.5,-132.5,True,-132.5,0.003986749354801367,-132.5,52451.0
2025-10-29,26160.25,26192.75,26280.25,0.0012423428675185644,1,175.0,173.0,True,173.0,0.006068367083647885,173.0,52385.5
2025-10-30,26280.25,25927.0,25871.75,-0.013441652952312144,-1,110.5,108.5,True,-112.5,-0.005897965202005362,108.5,51854.0
2025-10-31,25871.75,26085.75,25992.75,0.008271570342168522,1,-186.0,-188.0,True,-188.0,0.00892865770579876,-188.0,52171.5
2025-11-03,25992.75,26099.5,26110.25,0.004106914428061659,1,21.5,19.5,True,19.5,0.005414971482432529,19.5,52199.0
2025-11-04,26110.25,25620.5,25579.5,-0.018757001560689712,-1,82.0,80.0,True,-84.0,-0.009019446385997831,80.0,51241.0
2025-11-05,25579.5,25833.75,25741.25,0.00993960007036887,1,-185.0,-187.0,True,-187.0,0.004192810649152667,-187.0,51667.5
2025-11-06,25741.25,25354.5,25259.0,-0.015024522896129766,-1,191.0,189.0,True,-193.0,-0.008847666682853417,189.0,50709.0
2025-11-07,25259.0,25055.5,25164.0,-0.00805653430460429,-1,-217.0,-219.0,True,215.0,-0.009264024704065843,-219.0,50111.0
2025-11-10,25164.0,25710.25,25713.0,0.02170759815609591,1,5.5,3.5,True,3.5,0.01884636782705451,3.5,51420.5
2025-11-11,25713.0,25659.25,25647.25,-0.0020903822968926233,-1,24.0,22.0,True,-26.0,-0.0033446116750281973,22.0,51318.5
2025-11-12,25647.25,25602.75,25625.75,-0.001735078809618984,-1,-46.0,-48.0,True,44.0,-0.0020859936250474664,-48.0,51205.5
2025-11-13,25625.75,25072.25,25100.0,-0.02159936782338079,-1,-55.5,-57.5,True,53.5,-0.009541184160463567,-57.5,50144.5
2025-11-14,25100.0,25140.5,25106.0,0.0016135458167330086,1,-69.0,-71.0,True,-71.0,-0.005846613545816726,67.0,50281.0
2025-11-17,25106.0,24788.75,24888.0,-0.01263642157253242,-1,-198.5,-200.5,True,196.5,0.0037341671313630975,196.5,49577.5
2025-11-18,24888.0,24693.75,24585.0,-0.007804966248794565,-1,217.5,215.5,True,-219.5,-0.014655657344905149,215.5,49387.5
2025-11-19,24585.0,24772.25,24724.5,0.007616432784218086,1,-95.5,-97.5,True,-97.5,0.012578808216392012,-97.5,49544.5
2025-11-20,24724.5,24292.5,24137.0,-0.017472547473154187,-1,311.0,309.0,True,-313.0,0.022214807175069184,-313.0,48585.0
2025-11-21,24137.0,24388.75,24313.75,0.010430045158884793,1,-150.0,-152.0,True,-152.0,0.0017918548286861569,-152.0,48777.5
2025-11-24,24313.75,24936.0,24935.5,0.025592514523674836,1,-1.0,-3.0,True,-3.0,0.015217726595033731,-3.0,49872.0
2025-11-25,24935.5,25047.75,25079.25,0.004501614164544421,1,63.0,61.0,True,61.0,-0.004812416033366129,-65.0,50095.5
2025-11-26,25079.25,25345.75,25296.0,0.010626314582772522,1,-99.5,-101.5,True,-101.5,0.0035088768603526166,-101.5,50691.5
2025-12-01,25484.75,25401.25,25401.75,-0.0032764692610286472,-1,-1.0,-3.0,True,-1.0,-0.004875464738716251,-3.0,50802.5
2025-12-02,25401.75,25633.25,25600.0,0.00911354532660158,1,-66.5,-68.5,True,-68.5,0.007696320135423651,-68.5,51266.5
2025-12-03,25600.0,25682.0,25657.25,0.0032031249999999734,1,-49.5,-51.5,True,-51.5,-0.004091796875000053,47.5,51364.0
2025-12-04,25657.25,25563.5,25627.5,-0.003653937970748977,-1,-128.0,-130.0,True,126.0,-0.004004716015940879,-130.0,51127.0
2025-12-05,25627.5,25725.5,25726.0,0.0038240171690566704,1,1.0,-1.0,True,-1.0,0.006379865378987493,-1.0,51451.0
2025-12-08,25726.0,25615.25,25668.75,-0.004304983285392194,-1,-107.0,-109.0,True,105.0,0.0007191168467697295,105.0,51230.5
2025-12-09,25668.75,25696.75,25703.0,0.0010908205502799806,1,12.5,10.5,True,10.5,-0.001499878256635001,-14.5,51393.5
2025-12-10,25703.0,25836.75,25800.25,0.005203672723028463,1,-73.0,-75.0,True,-75.0,-0.0028109559195425016,71.0,51673.5
2025-12-11,25800.25,25679.0,25714.75,-0.004699566864662219,-1,-71.5,-73.5,True,69.5,-0.014961095338223429,-73.5,51358.0
2025-12-12,25714.75,25209.75,25210.25,-0.019638534304241784,-1,-1.0,-3.0,True,-1.0,-0.006095723271663189,-3.0,50419.5
2025-12-15,25210.25,25120.5,25084.75,-0.003560059896272394,-1,71.5,69.5,True,-73.5,0.000614829285707108,-73.5,50241.0
2025-12-16,25084.75,25134.5,25131.5,0.0019832766920140354,1,-6.0,-8.0,True,-8.0,0.0026211144221091054,-8.0,50269.0
2025-12-17,25131.5,24727.0,24662.0,-0.016095338519388047,-1,130.0,128.0,True,-132.0,-0.0012931977796788452,128.0,49454.0
2025-12-18,24662.0,25307.5,25252.0,0.026173870732300708,1,-111.0,-113.0,True,-113.0,0.02495742437758497,-113.0,50615.0
2025-12-19,25252.0,25582.5,25581.25,0.013088072231902448,1,-2.5,-4.5,True,-4.5,0.012107951845398368,-4.5,51165.0
2025-12-22,25581.25,25688.5,25688.25,0.0041925238211579785,1,-0.5,-2.5,True,-2.5,0.006508673344734817,-2.5,51377.0
2025-12-23,25688.25,25798.0,25811.25,0.004272381341664078,1,26.5,24.5,True,24.5,0.0001557132151859264,24.5,51596.0
2025-12-26,25861.75,25873.25,25866.75,0.0004446721509565599,1,-13.0,-15.0,True,-15.0,0.0007346757276673888,-15.0,51746.5
2025-12-29,25866.75,25750.25,25741.25,-0.004503851469550679,-1,18.0,16.0,True,-20.0,-0.00555732745706361,16.0,51500.5
2025-12-30,25741.25,25704.75,25678.0,-0.0014179575583935788,-1,53.5,51.5,True,-55.5,0.00060214636041378,-55.5,51409.5
2025-12-31,25678.0,25477.5,25455.0,-0.007808240517174214,-1,45.0,43.0,True,-47.0,-0.002813692655191269,43.0,50955.0
2026-01-02,25455.0,25432.25,25385.25,-0.0008937340404635563,-1,94.0,92.0,True,-96.0,0.01093105480259271,-96.0,50864.5
2026-01-05,25385.25,25600.0,25587.0,0.008459636993923603,1,-26.0,-28.0,True,-28.0,0.008252823982430657,-28.0,51200.0
2026-01-06,25587.0,25810.0,25813.25,0.00871536327041067,1,6.5,4.5,True,4.5,0.006487669519678052,4.5,51620.0
2026-01-07,25813.25,25860.25,25834.75,0.0018207703408132936,1,-51.0,-53.0,True,-53.0,0.001694866008735918,-53.0,51720.5
2026-01-08,25834.75,25676.0,25682.75,-0.006144824316085873,-1,-13.5,-15.5,True,11.5,-0.008951122035243175,-15.5,51352.0
2026-01-09,25682.75,25967.5,25933.0,0.011087208340228472,1,-69.0,-71.0,True,-71.0,0.0019955028180393963,-71.0,51935.0
2026-01-12,25933.0,25991.0,25952.0,0.0022365326032467436,1,-78.0,-80.0,True,-80.0,-0.0012339490224809735,76.0,51982.0
2026-01-13,25952.0,25827.0,25904.0,-0.004816584463625206,-1,-154.0,-156.0,True,152.0,-0.00019266337854495497,-156.0,51654.0
2026-01-14,25904.0,25564.25,25636.75,-0.013115735021618335,-1,-145.0,-147.0,True,143.0,-0.012305049413218083,-147.0,51128.5
2026-01-15,25636.75,25718.75,25719.0,0.003198533355436961,1,0.5,-1.5,True,-1.5,0.008864228110037287,-1.5,51437.5
2026-01-16,25719.0,25711.5,25684.75,-0.00029161320424586634,-1,53.5,51.5,True,-55.5,0.00037909716551975947,-55.5,51423.0
2026-01-20,25397.75,25128.75,25142.75,-0.010591489403588894,-1,-28.0,-30.0,True,26.0,-0.0029431741000679468,-30.0,50257.5
2026-01-21,25142.75,25486.5,25471.5,0.013671933261079294,1,-30.0,-32.0,True,-32.0,0.007248610434419378,-32.0,50973.0
2026-01-22,25471.5,25609.0,25661.5,0.00539819013407139,1,105.0,103.0,True,103.0,0.004269477651492881,103.0,51218.0
2026-01-23,25661.5,25710.25,25735.0,0.0018997330631491671,1,49.5,47.5,True,47.5,0.00022407107924315994,47.5,51420.5
2026-01-26,25735.0,25880.75,25844.5,0.00566349329706628,1,-72.5,-74.5,True,-74.5,0.004002331455216668,-74.5,51761.5
2026-01-27,25844.5,26096.0,26076.0,0.00973127744781288,1,-40.0,-42.0,True,-42.0,0.008057807270405615,-42.0,52192.0
2026-01-28,26076.0,26174.25,26150.5,0.0037678324896457394,1,-47.5,-49.5,True,-49.5,0.006807025617425966,-49.5,52348.5
2026-01-29,26150.5,25853.25,25992.25,-0.01136689547044989,-1,-278.0,-280.0,True,276.0,-0.01095581346436969,-280.0,51706.5
2026-01-30,25992.25,25596.0,25675.75,-0.015244928776846911,-1,-159.5,-161.5,True,157.5,-0.006357664303782817,-161.5,51192.0
2026-02-02,25675.75,25864.75,25856.25,0.007361031323330325,1,-17.0,-19.0,True,-19.0,0.0029989386872828483,-19.0,51729.5
2026-02-03,25856.25,25330.5,25445.25,-0.020333575054387265,-1,-229.5,-231.5,True,227.5,-0.008701957940536631,-231.5,50661.0
2026-02-04,25445.25,25059.0,24998.0,-0.015179650425914515,-1,122.0,120.0,True,-124.0,-0.009657991177135172,120.0,50118.0
2026-02-05,24998.0,24638.25,24639.25,-0.014391151292103332,-1,-2.0,-4.0,True,0.0,-0.009130730458436709,-4.0,49276.5
2026-02-06,24639.25,25110.75,25147.0,0.019136134419675876,1,72.5,70.5,True,70.5,0.008756354190975868,70.5,50221.5
2026-02-09,25147.0,25364.0,25338.25,0.008629259951485224,1,-51.5,-53.5,True,-53.5,-0.001332166858869832,49.5,50728.0
2026-02-10,25338.25,25254.5,25219.0,-0.0033052795674524127,-1,71.0,69.0,True,-73.0,0.00211143232070099,-73.0,50509.0
2026-02-11,25219.0,25285.0,25278.25,0.002617074428010735,1,-13.5,-15.5,True,-15.5,0.0034101272849835773,-15.5,50570.0
2026-02-12,25278.25,24804.75,24764.0,-0.01873151820240726,-1,81.5,79.5,True,-83.5,-0.0028482984383808585,79.5,49609.5
2026-02-13,24764.0,24765.25,24802.5,5.04764981423822e-05,1,74.5,72.5,True,72.5,-0.002624777903408204,-76.5,49530.5
2026-02-17,24746.0,24773.0,24776.75,0.001091085427948002,1,7.5,5.5,True,5.5,-0.010557261779681526,-9.5,49546.0
2026-02-18,24776.75,24876.0,24957.5,0.004005771539850933,1,163.0,161.0,True,161.0,0.006609018535522315,161.0,49752.0
2026-02-19,24957.5,24788.25,24863.0,-0.006781528598617692,-1,-149.5,-151.5,True,147.5,-0.0030351597716117285,-151.5,49576.5
2026-02-20,24863.0,25021.25,25074.25,0.006364879539878521,1,106.0,104.0,True,104.0,0.00148815508989264,104.0,50042.5
2026-02-23,25074.25,24706.5,24768.0,-0.014666440671206482,-1,-123.0,-125.0,True,121.0,-0.006420929838380052,-125.0,49413.0
2026-02-24,24768.0,24999.25,25029.75,0.009336644056847643,1,61.0,59.0,True,59.0,0.004390746124030898,59.0,49998.5
2026-02-25,25029.75,25366.75,25384.0,0.013463977866339016,1,34.5,32.5,True,32.5,0.012525095136787234,32.5,50733.5
2026-02-26,25384.0,25029.25,25083.0,-0.01397533879609203,-1,-107.5,-109.5,True,105.5,-0.00752442483454141,-109.5,50058.5
2026-02-27,25083.0,24978.75,24998.25,-0.004156201411314453,-1,-39.0,-41.0,True,37.0,-0.008073196986006503,-41.0,49957.5
2026-03-02,24998.25,24967.25,25022.25,-0.001240086806076457,-1,-110.0,-112.0,True,108.0,-0.005410378726510845,-112.0,49934.5
2026-03-03,25022.25,24782.5,24756.75,-0.009581472489484377,-1,51.5,49.5,True,-53.5,-0.021281059856727458,49.5,49565.0
2026-03-04,24756.75,25151.0,25120.0,0.0159249497611762,1,-62.0,-64.0,True,-64.0,0.006634554212487487,-64.0,50302.0
2026-03-05,25120.0,24954.5,25048.0,-0.006588375796178325,-1,-187.0,-189.0,True,185.0,0.0026174363057325234,185.0,49909.0
2026-03-06,25048.0,24653.25,24667.25,-0.015759741296710317,-1,-28.0,-30.0,True,26.0,-0.014252634940913445,-30.0,49306.5
2026-03-09,24667.25,24953.0,24992.0,0.011584185509126543,1,78.0,76.0,True,76.0,-0.01199971622292717,-80.0,49906.0
2026-03-10,24992.0,24988.0,24985.75,-0.00016005121638928976,-1,4.5,2.5,True,-6.5,-0.0011103553137004063,2.5,49976.0
2026-03-11,24985.75,24935.0,24984.0,-0.00203115775992313,-1,-98.0,-100.0,True,96.0,0.0046326406051449,96.0,49870.0
2026-03-12,24984.0,24615.5,24555.75,-0.014749439641370432,-1,119.5,117.5,True,-121.5,-0.013068363752801848,117.5,49231.0
2026-03-13,24555.75,24376.75,24397.5,-0.007289535037618533,-1,-41.5,-43.5,True,39.5,0.00700446942162225,39.5,48753.5
2026-03-16,24397.5,24683.5,24669.5,0.011722512552515552,1,-28.0,-30.0,True,-30.0,0.01390511322881438,-30.0,49367.0
2026-03-17,24669.5,24787.75,24791.75,0.004793368329313541,1,8.0,6.0,True,6.0,0.00829972232919185,6.0,49575.5
2026-03-18,24791.75,24505.25,24434.25,-0.011556263676424594,-1,142.0,140.0,True,-144.0,-0.00170419595228255,140.0,49010.5
2026-03-19,24434.25,24597.25,24574.5,0.006670963913359307,1,-45.5,-47.5,True,-47.5,0.0027727472707368417,-47.5,49194.5
2026-03-20,24574.5,24059.0,24114.25,-0.020977029034161432,-1,-110.5,-112.5,True,108.5,-0.01176015788724083,-112.5,48118.0
2026-03-23,24114.25,24474.25,24398.75,0.014928932062991729,1,-151.0,-153.0,True,-153.0,0.020143690971106354,-153.0,48948.5
2026-03-24,24398.75,24267.0,24218.75,-0.005399866796454766,-1,96.5,94.5,True,-98.5,-0.007490137814437192,94.5,48534.0
2026-03-25,24218.75,24354.25,24372.25,0.005594838709677363,1,36.0,34.0,True,34.0,0.006183225806451587,34.0,48708.5
2026-03-26,24372.25,23842.75,23787.0,-0.021725528008288086,-1,111.5,109.5,True,-113.5,-0.006421237267794311,109.5,47685.5
2026-03-27,23787.0,23330.5,23308.75,-0.01919115483247147,-1,43.5,41.5,True,-45.5,-0.012937739101189671,41.5,46661.0
2026-03-30,23308.75,23037.0,23135.75,-0.011658711857135184,-1,-197.5,-199.5,True,195.5,-0.00026813964712824045,-199.5,46074.0
2026-03-31,23135.75,23882.25,23910.0,0.03226608171336576,1,55.5,53.5,True,53.5,0.019093826653555634,53.5,47764.5
2026-04-01,23910.0,24233.5,24199.75,0.013529903805938881,1,-67.5,-69.5,True,-69.5,0.008762024257632728,-69.5,48467.0
2026-04-02,24199.75,24146.75,24221.0,-0.002190105269682552,-1,-148.5,-150.5,True,146.5,-0.012479467763096719,-150.5,48293.5
2026-04-06,24221.0,24335.75,24363.5,0.004737624375541927,1,55.5,53.5,True,53.5,0.008133437925766929,53.5,48671.5
2026-04-07,24363.5,24216.75,24369.25,-0.006023354608328035,-1,-305.0,-307.0,True,303.0,-0.009984197672748163,-307.0,48433.5
2026-04-08,24369.25,24958.0,25079.5,0.02415954532864162,1,243.0,241.0,True,241.0,0.029206889830421634,241.0,49916.0
2026-04-09,25079.5,25222.75,25248.75,0.00571183636037409,1,52.0,50.0,True,50.0,-0.0018441356486372795,-54.0,50445.5
2026-04-10,25248.75,25294.75,25284.0,0.001821872369919264,1,-21.5,-23.5,True,-23.5,0.0027922174365067054,-23.5,50589.5
2026-04-13,25284.0,25459.0,25538.0,0.0069213732004429485,1,158.0,156.0,True,156.0,0.000929441544059495,156.0,50918.0
2026-04-14,25538.0,25988.0,26001.0,0.017620800375910406,1,26.0,24.0,True,24.0,0.007204949487038981,24.0,51976.0
2026-04-15,26001.0,26336.25,26364.0,0.01289373485635159,1,55.5,53.5,True,53.5,0.0026152840275373013,53.5,52672.5
2026-04-16,26364.0,26445.25,26484.0,0.0030818540433925623,1,77.5,75.5,True,75.5,-0.0016215293582158008,-79.5,52890.5
2026-04-17,26484.0,26778.5,26827.5,0.011119921462014792,1,98.0,96.0,True,96.0,0.009345265065699992,96.0,53557.0
2026-04-20,26827.5,26727.5,26745.25,-0.0037275184046221543,-1,-35.5,-37.5,True,33.5,-0.001733296058149314,-37.5,53455.0
2026-04-21,26745.25,26777.0,26642.0,0.0011871266860470353,1,-270.0,-272.0,True,-272.0,0.003505295332816072,-272.0,53554.0
2026-04-22,26642.0,27045.0,27080.0,0.01512649200510463,1,70.0,68.0,True,68.0,0.008370242474288636,68.0,54090.0
2026-04-23,27080.0,26915.25,26926.25,-0.006083825701624801,-1,-22.0,-24.0,True,20.0,-0.0023172082717872744,-24.0,53830.5
2026-04-24,26926.25,27423.25,27433.5,0.01845782461352763,1,20.5,18.5,True,18.5,0.009953112668864117,18.5,54846.5
2026-04-27,27433.5,27423.25,27444.75,-0.0003736307798859473,-1,-43.0,-45.0,True,41.0,-0.0011573441230612325,-45.0,54846.5
2026-04-28,27444.75,27187.25,27169.5,-0.009382486632233844,-1,35.5,33.5,True,-37.5,-0.008835934012880409,33.5,54374.5
2026-04-29,27169.5,27310.5,27334.75,0.005189642797990501,1,48.5,46.5,True,46.5,0.0018863063361489463,46.5,54621.0
2026-04-30,27334.75,27591.5,27578.25,0.009392805860671816,1,-26.5,-28.5,True,-28.5,-0.0032010536039290827,24.5,55183.0
2026-05-01,27578.25,27895.75,27836.75,0.011512695693163932,1,-118.0,-120.0,True,-120.0,0.010624314450699446,-120.0,55791.5
2026-05-04,27836.75,27778.0,27779.75,-0.002110519367383046,-1,-3.5,-5.5,True,1.5,0.0021464431012958585,1.5,55556.0
2026-05-05,27779.75,28166.0,28135.0,0.013904012815090239,1,-62.0,-64.0,True,-64.0,0.010826231337575098,-64.0,56332.0
2026-05-06,28135.0,28694.25,28710.5,0.01987737693264613,1,32.5,30.5,True,30.5,0.011862448907055345,30.5,57388.5
2026-05-07,28710.5,28611.25,28684.5,-0.0034569234252277425,-1,-146.5,-148.5,True,144.5,0.0024729628533115555,144.5,57222.5
2026-05-08,28684.5,29262.5,29339.5,0.020150255364395298,1,154.0,152.0,True,152.0,0.014859941780404062,152.0,58525.0
2026-05-11,29339.5,29381.75,29429.0,0.0014400381737929013,1,94.5,92.5,True,92.5,-0.0009799076330544443,-96.5,58763.5
2026-05-12,29429.0,29047.25,29174.25,-0.012971898467498022,-1,-254.0,-256.0,True,252.0,-0.010177036256753591,-256.0,58094.5
2026-05-13,29174.25,29526.0,29475.5,0.012056865215044121,1,-101.0,-103.0,True,-103.0,-0.00016281481100632877,99.0,59052.0
2026-05-14,29475.5,29699.25,29686.5,0.007591050194229121,1,-25.5,-27.5,True,-27.5,0.0022476293871180886,-27.5,59398.5
2026-05-15,29686.5,29290.75,29231.0,-0.013330975359169939,-1,119.5,117.5,True,-121.5,-0.01830798511107745,117.5,58581.5
2026-05-18,29231.0,28923.0,29099.5,-0.010536758920324352,-1,-353.0,-355.0,True,351.0,0.0004447333310526602,351.0,57846.0
2026-05-19,29099.5,28977.25,28923.75,-0.00420110311173727,-1,107.0,105.0,True,-109.0,-0.005567105964019992,105.0,57954.5
2026-05-20,28923.75,29340.75,29395.25,0.014417217684428829,1,109.0,107.0,True,107.0,0.006084964778080293,107.0,58681.5
2026-05-21,29395.25,29427.75,29445.75,0.0011056208060826744,1,36.0,34.0,True,34.0,-0.003657053435504043,-38.0,58855.5
2026-05-22,29445.75,29550.75,29552.75,0.0035658796260920056,1,4.0,2.0,True,2.0,0.006673289014543782,2.0,59101.5
2026-05-26,29963.0,30052.75,30079.25,0.002995360945165615,1,53.0,51.0,True,51.0,0.0014434469178654652,51.0,60105.5
2026-05-27,30079.25,30026.75,30047.5,-0.001745389263362651,-1,-41.5,-43.5,True,39.5,-0.0006316646857883468,-43.5,60053.5
2026-05-28,30047.5,30306.0,30306.0,0.008603045178467328,1,0.0,-2.0,True,-2.0,-0.0018221149846077145,-2.0,60612.0
2026-05-29,30306.0,30382.0,30397.25,0.0025077542400844255,1,30.5,28.5,True,28.5,0.007011812842341536,28.5,60764.0
2026-06-01,30397.25,30624.75,30571.25,0.007484229658933028,1,-107.0,-109.0,True,-109.0,-0.002672939163904653,105.0,61249.5
2026-06-02,30571.25,30664.0,30707.25,0.0030338962260294533,1,86.5,84.5,True,84.5,0.0010712679396491787,84.5,61328.0
2026-06-03,30707.25,30635.0,30635.75,-0.002352864551530942,-1,-1.5,-3.5,True,-0.5,-0.004844132900210907,-3.5,61270.0
2026-06-04,30635.75,30594.75,30485.25,-0.0013383057375778717,-1,219.0,217.0,True,-221.0,-0.01265678170111717,217.0,61189.5
2026-06-05,30485.25,29154.5,29016.25,-0.043652258059225346,-1,276.5,274.5,True,-278.5,-0.023339155821257784,274.5,58309.0
2026-06-08,29016.25,29437.25,29452.5,0.014509111273855124,1,30.5,28.5,True,28.5,0.011502175505104795,28.5,58874.5
2026-06-09,29452.5,28952.75,29116.0,-0.016967999320940508,-1,-326.5,-328.5,True,324.5,0.00745267804091343,324.5,57905.5
2026-06-10,29116.0,28546.75,28528.75,-0.019551105921143064,-1,36.0,34.0,True,-38.0,-0.003254224481384793,34.0,57093.5
2026-06-11,28528.75,29424.0,29457.0,0.0313806248083075,1,66.0,64.0,True,64.0,0.013039477719843928,64.0,58848.0
2026-06-12,29457.0,29660.75,29650.5,0.006916861866449464,1,-20.5,-22.5,True,-22.5,-0.0035984655599687887,18.5,59321.5
2026-06-15,29650.5,30530.0,30567.0,0.029662231665570582,1,74.0,72.0,True,72.0,0.025303114618640432,72.0,61060.0
2026-06-16,30567.0,30127.75,29991.25,-0.014370072300193049,-1,273.0,271.0,True,-275.0,-0.0021755487944515872,271.0,60255.5
2026-06-17,29991.25,30128.5,29995.25,0.004576334764306189,1,-266.5,-268.5,True,-268.5,0.01188680031675915,-268.5,60257.0
2026-06-18,29995.25,30688.25,30693.0,0.0231036580791959,1,9.5,7.5,True,7.5,0.015727490185946102,7.5,61376.5
2026-06-22,30651.0,30551.75,30654.0,-0.0032380672734984017,-1,-204.5,-206.5,True,202.5,0.00934716648722711,202.5,61103.5
2026-06-23,30654.0,29710.75,29650.75,-0.030770861877732147,-1,120.0,118.0,True,-122.0,-0.02374893977947412,118.0,59421.5
2026-06-24,29650.75,29384.5,29513.75,-0.008979536773943364,-1,-258.5,-260.5,True,256.5,0.0011382511403590367,256.5,58769.0
2026-06-25,29513.75,29682.75,29749.5,0.00572614459362164,1,133.5,131.5,True,131.5,-0.006666384312396745,-135.5,59365.5
2026-06-26,29749.5,29451.5,29317.5,-0.010016975075211376,-1,268.0,266.0,True,-270.0,-0.010302694162927062,266.0,58903.0
2026-06-29,29317.5,30026.0,30046.25,0.024166453483414285,1,40.5,38.5,True,38.5,0.010224268781444446,38.5,60052.0
2026-06-30,30046.25,30575.5,30513.5,0.017614510962266516,1,-124.0,-126.0,True,-126.0,0.01050879893497525,-126.0,61151.0
