entry_ts,exit_ts,side,entry_price,exit_price,stop_price,target_price,pnl,reason,session
2024-07-01 10:10:00,2024-07-01 10:15:00,-1,19820.5,19914.0,19913.75,19727.25,-188.0,stop,2024-07-01
2024-07-02 10:10:00,2024-07-02 10:15:00,-1,20048.5,20054.5,20054.25,20042.75,-13.0,stop,2024-07-02
2024-07-03 09:55:00,2024-07-03 10:00:00,1,20276.0,20267.5,20267.75,20284.25,-18.0,stop,2024-07-03
2024-07-04 09:45:00,2024-07-04 10:00:00,-1,20387.25,20381.0,20393.5,20381.0,11.5,target,2024-07-04
2024-07-05 11:05:00,2024-07-05 11:10:00,1,20539.25,20547.75,20530.75,20547.75,16.0,target,2024-07-05
2024-07-08 12:35:00,2024-07-08 12:40:00,-1,20614.75,20618.5,20618.25,20611.25,-8.5,stop,2024-07-08
2024-07-09 11:35:00,2024-07-09 11:40:00,-1,20676.75,20688.5,20688.25,20665.25,-24.5,stop,2024-07-09
2024-07-10 12:40:00,2024-07-10 12:50:00,1,20839.75,20826.0,20826.25,20853.25,-28.5,stop,2024-07-10
2024-07-11 09:55:00,2024-07-11 10:00:00,1,20869.75,20868.25,20868.5,20871.0,-4.0,stop,2024-07-11
2024-07-12 10:55:00,2024-07-12 11:00:00,-1,20636.25,20640.75,20640.5,20632.0,-10.0,stop,2024-07-12
2024-07-15 09:40:00,2024-07-15 09:45:00,-1,20598.0,20621.5,20621.25,20574.75,-48.0,stop,2024-07-15
2024-07-16 10:15:00,2024-07-16 10:20:00,1,20541.0,20502.5,20502.75,20579.25,-78.0,stop,2024-07-16
2024-07-17 09:55:00,2024-07-17 10:00:00,-1,20208.75,20203.25,20214.25,20203.25,10.0,target,2024-07-17
2024-07-18 11:00:00,2024-07-18 11:05:00,-1,19978.0,19970.75,19985.25,19970.75,13.5,target,2024-07-18
2024-07-19 10:35:00,2024-07-19 10:40:00,1,19826.25,19814.25,19814.5,19838.0,-25.0,stop,2024-07-19
2024-07-22 11:00:00,2024-07-22 11:05:00,1,19987.0,19972.5,19972.75,20001.25,-30.0,stop,2024-07-22
2024-07-23 09:50:00,2024-07-23 09:55:00,-1,19995.0,20007.0,20006.75,19983.25,-25.0,stop,2024-07-23
2024-07-24 09:55:00,2024-07-24 10:00:00,-1,19512.0,19486.0,19538.0,19486.0,51.0,target,2024-07-24
2024-07-25 11:40:00,2024-07-25 11:45:00,-1,19175.5,19185.75,19185.5,19165.5,-21.5,stop,2024-07-25
2024-07-26 09:40:00,2024-07-26 09:45:00,1,19136.0,19133.5,19133.75,19138.25,-6.0,stop,2024-07-26
2024-07-29 12:55:00,2024-07-29 13:00:00,-1,19308.25,19314.5,19314.25,19302.25,-13.5,stop,2024-07-29
2024-07-30 10:20:00,2024-07-30 10:25:00,-1,19186.75,19174.75,19198.75,19174.75,23.0,target,2024-07-30
2024-07-31 10:40:00,2024-07-31 10:50:00,-1,19449.75,19427.75,19471.75,19427.75,43.0,target,2024-07-31
2024-08-01 10:35:00,2024-08-01 10:40:00,-1,19436.5,19446.5,19446.25,19426.75,-21.0,stop,2024-08-01
2024-08-02 10:20:00,2024-08-02 10:25:00,1,18451.0,18447.75,18448.0,18454.0,-7.5,stop,2024-08-02
2024-08-05 10:00:00,2024-08-05 10:05:00,1,18041.5,17914.25,17914.5,18168.5,-255.5,stop,2024-08-05
2024-08-06 11:25:00,2024-08-06 11:30:00,-1,18184.25,18237.75,18237.5,18131.0,-108.0,stop,2024-08-06
2024-08-07 10:40:00,2024-08-07 10:45:00,1,18503.5,18542.5,18464.5,18542.5,77.0,target,2024-08-07
2024-08-08 09:50:00,2024-08-08 09:55:00,1,18175.0,18204.25,18145.75,18204.25,57.5,target,2024-08-08
2024-08-09 09:40:00,2024-08-09 09:45:00,-1,18450.75,18461.75,18461.5,18440.0,-23.0,stop,2024-08-09
2024-08-12 10:45:00,2024-08-12 10:50:00,1,18735.0,18733.0,18733.25,18736.75,-5.0,stop,2024-08-12
2024-08-13 10:15:00,2024-08-13 10:20:00,-1,18886.0,18890.5,18890.25,18881.75,-10.0,stop,2024-08-13
2024-08-14 11:10:00,2024-08-14 11:15:00,1,19088.25,19082.25,19082.5,19094.0,-13.0,stop,2024-08-14
2024-08-15 11:25:00,2024-08-15 11:30:00,-1,19501.25,19510.5,19510.25,19492.25,-19.5,stop,2024-08-15
2024-08-16 10:25:00,2024-08-16 10:30:00,-1,19567.0,19571.5,19571.25,19562.75,-10.0,stop,2024-08-16
2024-08-19 09:40:00,2024-08-19 09:45:00,1,19604.5,19590.5,19590.75,19618.25,-29.0,stop,2024-08-19
2024-08-20 09:40:00,2024-08-20 09:45:00,1,19868.0,19863.0,19863.25,19872.75,-11.0,stop,2024-08-20
2024-08-21 10:10:00,2024-08-21 10:15:00,-1,19867.5,19896.5,19896.25,19838.75,-59.0,stop,2024-08-21
2024-08-22 11:50:00,2024-08-22 11:55:00,1,19692.25,19703.0,19681.5,19703.0,20.5,target,2024-08-22
2024-08-23 10:20:00,2024-08-23 10:25:00,1,19885.0,19882.75,19883.0,19887.0,-5.5,stop,2024-08-23
2024-08-26 12:40:00,2024-08-26 12:45:00,1,19633.75,19627.0,19627.25,19640.25,-14.5,stop,2024-08-26
2024-08-27 09:45:00,2024-08-27 09:50:00,1,19495.5,19513.0,19478.0,19513.0,34.0,target,2024-08-27
2024-08-28 10:55:00,2024-08-28 11:00:00,-1,19454.75,19439.0,19470.5,19439.0,30.5,target,2024-08-28
2024-08-29 09:45:00,2024-08-29 09:50:00,1,19616.5,19590.0,19590.25,19642.75,-54.0,stop,2024-08-29
2024-08-30 09:50:00,2024-08-30 09:55:00,1,19583.25,19564.5,19564.75,19601.75,-38.5,stop,2024-08-30
2024-09-03 09:45:00,2024-09-03 09:50:00,1,19414.25,19399.5,19399.75,19428.75,-30.5,stop,2024-09-03
2024-09-04 10:00:00,2024-09-04 10:05:00,-1,18919.75,18971.0,18970.75,18868.75,-103.5,stop,2024-09-04
2024-09-05 14:15:00,2024-09-05 14:20:00,1,19009.25,19005.0,19005.25,19013.25,-9.5,stop,2024-09-05
2024-09-06 10:20:00,2024-09-06 10:25:00,-1,18685.25,18643.5,18727.0,18643.5,82.5,target,2024-09-06
2024-09-09 10:10:00,2024-09-09 10:15:00,1,18698.75,18677.75,18678.0,18719.5,-43.0,stop,2024-09-09
2024-09-10 09:50:00,2024-09-10 09:55:00,1,18777.75,18766.5,18766.75,18788.75,-23.5,stop,2024-09-10
2024-09-11 09:45:00,2024-09-11 09:50:00,-1,18810.0,18788.5,18831.5,18788.5,42.0,target,2024-09-11
2024-09-12 09:45:00,2024-09-12 09:50:00,-1,19208.5,19256.75,19256.5,19160.5,-97.5,stop,2024-09-12
2024-09-13 12:50:00,2024-09-13 13:15:00,1,19527.75,19562.5,19493.0,19562.5,68.5,target,2024-09-13
2024-09-16 11:25:00,2024-09-16 11:30:00,-1,19383.0,19388.5,19388.25,19377.75,-12.0,stop,2024-09-16
2024-09-17 09:45:00,2024-09-17 09:50:00,-1,19514.5,19495.25,19533.75,19495.25,37.5,target,2024-09-17
2024-09-18 11:05:00,2024-09-18 11:10:00,-1,19679.25,19671.5,19687.0,19671.5,14.5,target,2024-09-18
2024-09-19 10:10:00,2024-09-19 10:15:00,1,20060.5,20085.75,20035.25,20085.75,49.5,target,2024-09-19
2024-09-20 11:30:00,2024-09-20 11:40:00,1,19945.75,19974.0,19917.5,19974.0,55.5,target,2024-09-20
2024-09-23 09:40:00,2024-09-23 09:45:00,1,20063.5,20052.75,20062.25,20064.75,-22.5,gap_stop,2024-09-23
2024-09-24 14:45:00,2024-09-24 14:50:00,-1,20136.75,20147.5,20147.25,20126.25,-22.5,stop,2024-09-24
2024-09-25 10:20:00,2024-09-25 10:25:00,-1,20251.5,20241.0,20262.0,20241.0,20.0,target,2024-09-25
2024-09-26 09:45:00,2024-09-26 09:50:00,-1,20426.0,20427.5,20427.25,20424.75,-4.0,stop,2024-09-26
2024-09-27 11:25:00,2024-09-27 11:30:00,1,20270.25,20255.25,20255.5,20285.0,-31.0,stop,2024-09-27
2024-09-30 10:25:00,2024-09-30 10:35:00,1,20184.75,20208.5,20161.0,20208.5,46.5,target,2024-09-30
2024-10-01 10:05:00,2024-10-01 10:25:00,-1,19962.0,19895.0,20029.0,19895.0,133.0,target,2024-10-01
2024-10-02 09:55:00,2024-10-02 10:00:00,1,19916.0,19914.25,19914.5,19917.5,-4.5,stop,2024-10-02
2024-10-03 09:50:00,2024-10-03 09:55:00,1,20011.75,20021.5,20002.0,20021.5,18.5,target,2024-10-03
2024-10-04 09:40:00,2024-10-04 09:45:00,-1,20200.0,20214.25,20214.0,20186.0,-29.5,stop,2024-10-04
2024-10-07 09:40:00,2024-10-07 09:45:00,-1,20117.25,20140.25,20140.0,20094.5,-47.0,stop,2024-10-07
2024-10-08 09:40:00,2024-10-08 09:45:00,1,20102.5,20085.25,20085.5,20119.5,-35.5,stop,2024-10-08
2024-10-09 09:40:00,2024-10-09 09:45:00,-1,20250.75,20257.0,20256.75,20244.75,-13.5,stop,2024-10-09
2024-10-10 09:45:00,2024-10-10 09:55:00,-1,20311.25,20369.25,20369.0,20253.5,-117.0,stop,2024-10-10
2024-10-11 10:05:00,2024-10-11 10:25:00,1,20413.75,20465.0,20362.5,20465.0,101.5,target,2024-10-11
2024-10-14 10:35:00,2024-10-14 10:40:00,-1,20636.0,20638.5,20638.25,20633.75,-6.0,stop,2024-10-14
2024-10-15 10:45:00,2024-10-15 10:50:00,1,20404.5,20402.75,20403.0,20406.0,-4.5,stop,2024-10-15
2024-10-16 09:55:00,2024-10-16 10:00:00,-1,20223.25,20242.5,20242.25,20204.25,-39.5,stop,2024-10-16
2024-10-17 09:55:00,2024-10-17 10:00:00,-1,20433.75,20391.5,20476.0,20391.5,83.5,target,2024-10-17
2024-10-18 10:50:00,2024-10-18 11:05:00,-1,20465.0,20493.25,20493.0,20437.0,-57.5,stop,2024-10-18
2024-10-21 09:45:00,2024-10-21 09:50:00,1,20490.75,20480.75,20481.0,20500.5,-21.0,stop,2024-10-21
2024-10-22 11:05:00,2024-10-22 11:10:00,-1,20486.25,20480.25,20492.25,20480.25,11.0,target,2024-10-22
2024-10-23 10:00:00,2024-10-23 10:30:00,-1,20383.5,20428.75,20428.5,20338.5,-91.5,stop,2024-10-23
2024-10-24 09:55:00,2024-10-24 10:00:00,1,20338.0,20334.75,20335.0,20341.0,-7.5,stop,2024-10-24
2024-10-25 11:00:00,2024-10-25 11:05:00,1,20661.5,20658.25,20658.5,20664.5,-7.5,stop,2024-10-25
2024-10-28 09:40:00,2024-10-28 09:45:00,-1,20568.5,20552.25,20584.75,20552.25,31.5,target,2024-10-28
2024-10-29 09:40:00,2024-10-29 09:55:00,1,20488.75,20522.75,20454.75,20522.75,67.0,target,2024-10-29
2024-10-30 10:40:00,2024-10-30 10:45:00,-1,20680.75,20685.0,20684.75,20676.75,-9.5,stop,2024-10-30
2024-10-31 10:00:00,2024-10-31 10:05:00,-1,20154.5,20161.5,20161.25,20147.75,-15.0,stop,2024-10-31
2024-11-01 10:05:00,2024-11-01 10:10:00,1,20175.25,20181.5,20169.0,20181.5,11.5,target,2024-11-01
2024-11-04 10:15:00,2024-11-04 10:20:00,1,20161.75,20181.75,20141.75,20181.75,39.0,target,2024-11-04
2024-11-05 12:25:00,2024-11-05 12:30:00,-1,20350.25,20363.0,20362.75,20337.75,-26.5,stop,2024-11-05
2024-11-06 09:45:00,2024-11-06 10:10:00,-1,20679.25,20742.0,20741.75,20616.75,-126.5,stop,2024-11-06
2024-11-07 10:15:00,2024-11-07 10:20:00,-1,21112.25,21114.5,21114.25,21110.25,-5.5,stop,2024-11-07
2024-11-08 10:15:00,2024-11-08 10:20:00,1,21201.75,21181.0,21181.25,21222.25,-42.5,stop,2024-11-08
2024-11-11 10:20:00,2024-11-11 10:25:00,1,21197.25,21194.0,21194.25,21200.25,-7.5,stop,2024-11-11
2024-11-12 10:10:00,2024-11-12 10:20:00,1,21219.5,21202.0,21202.25,21236.75,-36.0,stop,2024-11-12
2024-11-13 09:40:00,2024-11-13 09:45:00,1,21179.0,21176.25,21176.5,21181.5,-6.5,stop,2024-11-13
2024-11-14 10:05:00,2024-11-14 10:10:00,1,21096.75,21094.0,21094.25,21099.25,-6.5,stop,2024-11-14
2024-11-15 09:45:00,2024-11-15 09:50:00,1,20741.75,20715.0,20715.25,20768.25,-54.5,stop,2024-11-15
2024-11-18 10:55:00,2024-11-18 11:00:00,-1,20680.5,20684.75,20684.5,20676.5,-9.5,stop,2024-11-18
2024-11-19 10:45:00,2024-11-19 10:50:00,1,20639.5,20630.0,20630.25,20648.75,-20.0,stop,2024-11-19
2024-11-20 10:45:00,2024-11-20 11:10:00,1,20621.5,20585.5,20585.75,20657.25,-73.0,stop,2024-11-20
2024-11-21 09:55:00,2024-11-21 10:00:00,-1,20667.0,20635.75,20698.25,20635.75,61.5,target,2024-11-21
2024-11-22 09:50:00,2024-11-22 09:55:00,-1,20821.25,20841.0,20840.75,20801.75,-40.5,stop,2024-11-22
2024-11-25 10:30:00,2024-11-25 10:40:00,-1,20879.25,20916.75,20916.5,20842.0,-76.0,stop,2024-11-25
2024-11-26 09:45:00,2024-11-26 09:50:00,1,21016.75,20986.25,20986.5,21047.0,-62.0,stop,2024-11-26
2024-11-27 10:05:00,2024-11-27 10:10:00,-1,20841.0,20836.0,20846.0,20836.0,9.0,target,2024-11-27
2024-11-28 10:35:00,2024-11-28 10:40:00,-1,20888.0,20893.0,20892.75,20883.25,-11.0,stop,2024-11-28
2024-11-29 09:50:00,2024-11-29 09:55:00,1,20896.75,20918.75,20874.75,20918.75,43.0,target,2024-11-29
2024-12-02 09:45:00,2024-12-02 10:00:00,1,21149.25,21177.0,21121.5,21177.0,54.5,target,2024-12-02
2024-12-03 09:55:00,2024-12-03 10:00:00,1,21204.25,21201.75,21202.0,21206.5,-6.0,stop,2024-12-03
2024-12-04 12:15:00,2024-12-04 12:20:00,1,21480.0,21476.75,21477.0,21483.0,-7.5,stop,2024-12-04
2024-12-05 12:20:00,2024-12-05 12:25:00,-1,21553.25,21555.75,21555.5,21551.0,-6.0,stop,2024-12-05
2024-12-06 10:10:00,2024-12-06 10:15:00,1,21623.5,21636.25,21610.75,21636.25,24.5,target,2024-12-06
2024-12-09 10:35:00,2024-12-09 10:40:00,-1,21528.25,21548.25,21548.0,21508.5,-41.0,stop,2024-12-09
2024-12-10 11:05:00,2024-12-10 11:10:00,-1,21475.0,21500.75,21500.5,21449.5,-52.5,stop,2024-12-10
2024-12-11 10:30:00,2024-12-11 10:40:00,1,21728.0,21701.75,21702.0,21754.0,-53.5,stop,2024-12-11
2024-12-12 11:10:00,2024-12-12 11:15:00,-1,21719.75,21727.0,21726.75,21712.75,-15.5,stop,2024-12-12
2024-12-13 10:25:00,2024-12-13 10:30:00,-1,21803.0,21828.5,21828.25,21777.75,-52.0,stop,2024-12-13
2024-12-16 09:40:00,2024-12-16 09:45:00,-1,21918.25,21921.0,21920.75,21915.75,-6.5,stop,2024-12-16
2024-12-17 11:05:00,2024-12-17 12:00:00,1,22045.0,22008.25,22008.5,22081.5,-74.5,stop,2024-12-17
2024-12-18 10:00:00,2024-12-18 10:05:00,1,21999.5,21991.25,21991.5,22007.5,-17.5,stop,2024-12-18
2024-12-19 10:20:00,2024-12-19 10:30:00,-1,21541.75,21485.5,21598.0,21485.5,111.5,target,2024-12-19
2024-12-20 12:55:00,2024-12-20 13:10:00,-1,21760.75,21740.75,21780.75,21740.75,39.0,target,2024-12-20
2024-12-23 10:30:00,2024-12-23 10:35:00,1,21551.25,21548.75,21549.0,21553.5,-6.0,stop,2024-12-23
2024-12-24 10:15:00,2024-12-24 10:20:00,-1,21912.5,21913.5,21913.25,21911.75,-3.0,gap_stop,2024-12-24
2024-12-26 10:05:00,2024-12-26 10:20:00,-1,21929.25,21957.75,21957.5,21901.0,-58.0,stop,2024-12-26
2024-12-27 10:50:00,2024-12-27 10:55:00,1,21615.0,21593.25,21593.5,21636.5,-44.5,stop,2024-12-27
2024-12-30 11:15:00,2024-12-30 11:25:00,1,21411.5,21374.75,21375.0,21448.0,-74.5,stop,2024-12-30
2024-12-31 10:50:00,2024-12-31 10:55:00,1,21405.25,21399.5,21399.75,21410.75,-12.5,stop,2024-12-31
2025-01-02 09:45:00,2025-01-02 09:55:00,1,21303.5,21382.0,21225.0,21382.0,156.0,target,2025-01-02
2025-01-03 09:55:00,2025-01-03 10:00:00,1,21383.75,21371.5,21371.75,21395.75,-25.5,stop,2025-01-03
2025-01-06 09:55:00,2025-01-06 10:00:00,-1,21818.5,21824.5,21824.25,21812.75,-13.0,stop,2025-01-06
2025-01-07 12:10:00,2025-01-07 12:15:00,1,21466.0,21447.0,21447.25,21484.75,-39.0,stop,2025-01-07
2025-01-08 11:10:00,2025-01-08 11:15:00,1,21335.75,21321.5,21321.75,21349.75,-29.5,stop,2025-01-08
2025-01-10 10:15:00,2025-01-10 10:20:00,1,20937.0,20956.75,20917.25,20956.75,38.5,target,2025-01-10
2025-01-13 11:20:00,2025-01-13 11:25:00,-1,20758.25,20759.5,20759.25,20757.25,-3.5,gap_stop,2025-01-13
2025-01-14 10:00:00,2025-01-14 10:05:00,1,21015.75,21025.25,21006.25,21025.25,18.0,target,2025-01-14
2025-01-15 10:15:00,2025-01-15 10:20:00,1,21406.0,21386.75,21387.0,21425.0,-39.5,stop,2025-01-15
2025-01-16 09:40:00,2025-01-16 09:45:00,-1,21417.75,21419.75,21419.5,21416.0,-5.0,stop,2025-01-16
2025-01-17 10:00:00,2025-01-17 10:05:00,1,21544.5,21556.75,21532.25,21556.75,23.5,target,2025-01-17
2025-01-21 11:05:00,2025-01-21 11:15:00,1,21649.0,21633.5,21633.75,21664.25,-32.0,stop,2025-01-21
2025-01-22 10:30:00,2025-01-22 10:35:00,1,22027.0,22018.0,22018.25,22035.75,-19.0,stop,2025-01-22
2025-01-23 09:50:00,2025-01-23 09:55:00,-1,21905.0,21909.0,21908.75,21901.25,-9.0,stop,2025-01-23
2025-01-24 10:25:00,2025-01-24 10:30:00,-1,21993.5,22005.5,22005.25,21981.75,-25.0,stop,2025-01-24
2025-01-27 11:40:00,2025-01-27 11:45:00,1,21222.25,21214.5,21214.75,21229.75,-16.5,stop,2025-01-27
2025-01-28 10:30:00,2025-01-28 10:35:00,-1,21426.25,21433.5,21433.25,21419.25,-15.5,stop,2025-01-28
2025-01-29 09:50:00,2025-01-29 09:55:00,1,21535.25,21520.75,21521.0,21549.5,-30.0,stop,2025-01-29
2025-01-30 10:25:00,2025-01-30 10:35:00,-1,21531.75,21574.0,21573.75,21489.75,-85.5,stop,2025-01-30
2025-01-31 11:00:00,2025-01-31 11:05:00,1,21951.5,21938.25,21938.5,21964.5,-27.5,stop,2025-01-31
2025-02-03 10:10:00,2025-02-03 10:20:00,-1,21128.0,21159.25,21159.0,21097.0,-63.5,stop,2025-02-03
2025-02-04 10:35:00,2025-02-04 10:45:00,1,21666.5,21648.75,21649.0,21684.0,-36.5,stop,2025-02-04
2025-02-05 10:00:00,2025-02-05 10:10:00,-1,21516.25,21547.75,21547.5,21485.0,-64.0,stop,2025-02-05
2025-02-06 10:00:00,2025-02-06 10:05:00,-1,21777.75,21789.0,21788.75,21766.75,-23.5,stop,2025-02-06
2025-02-07 09:55:00,2025-02-07 10:00:00,-1,21904.75,21868.25,21941.25,21868.25,72.0,target,2025-02-07
2025-02-10 09:45:00,2025-02-10 09:50:00,-1,21769.0,21775.75,21775.5,21762.5,-14.5,stop,2025-02-10
2025-02-11 10:40:00,2025-02-11 10:45:00,1,21850.0,21862.25,21837.75,21862.25,23.5,target,2025-02-11
2025-02-12 10:35:00,2025-02-12 10:40:00,1,21749.5,21713.5,21713.75,21785.25,-73.0,stop,2025-02-12
2025-02-13 10:05:00,2025-02-13 10:10:00,-1,21910.75,21915.25,21915.0,21906.5,-10.0,stop,2025-02-13
2025-02-14 14:05:00,2025-02-14 14:10:00,1,22193.75,22199.25,22188.25,22199.25,10.0,target,2025-02-14
2025-02-17 09:45:00,2025-02-17 09:50:00,1,22209.25,22207.5,22207.75,22210.75,-4.5,stop,2025-02-17
2025-02-18 10:15:00,2025-02-18 10:20:00,-1,22162.0,22185.0,22184.75,22139.25,-47.0,stop,2025-02-18
2025-02-19 12:30:00,2025-02-19 12:35:00,-1,22209.25,22216.5,22216.25,22202.25,-15.5,stop,2025-02-19
2025-02-20 10:15:00,2025-02-20 10:45:00,1,22077.5,22039.0,22039.25,22115.75,-78.0,stop,2025-02-20
2025-02-21 10:10:00,2025-02-21 10:15:00,-1,22077.75,22089.25,22089.0,22066.5,-24.0,stop,2025-02-21
2025-02-24 10:10:00,2025-02-24 10:25:00,1,21571.0,21516.5,21516.75,21625.25,-110.0,stop,2025-02-24
2025-02-25 09:40:00,2025-02-25 09:45:00,-1,21313.5,21336.5,21336.25,21290.75,-47.0,stop,2025-02-25
2025-02-26 11:55:00,2025-02-26 12:05:00,-1,21348.75,21381.0,21380.75,21316.75,-65.5,stop,2025-02-26
2025-02-27 10:45:00,2025-02-27 10:50:00,-1,21104.0,21102.25,21105.75,21102.25,2.5,target,2025-02-27
2025-02-28 10:50:00,2025-02-28 11:00:00,1,20733.75,20767.25,20700.25,20767.25,66.0,target,2025-02-28
2025-03-03 12:10:00,2025-03-03 12:15:00,1,20933.5,20915.5,20915.75,20951.25,-37.0,stop,2025-03-03
2025-03-04 10:50:00,2025-03-04 11:05:00,-1,20174.75,20119.75,20229.75,20119.75,109.0,target,2025-03-04
2025-03-05 10:45:00,2025-03-05 10:50:00,-1,20372.25,20396.75,20396.5,20348.0,-50.0,stop,2025-03-05
2025-03-06 10:15:00,2025-03-06 10:20:00,1,20444.75,20477.75,20411.75,20477.75,65.0,target,2025-03-06
2025-03-07 11:00:00,2025-03-07 11:05:00,-1,19985.75,20019.25,20019.0,19952.5,-68.0,stop,2025-03-07
2025-03-10 10:00:00,2025-03-10 10:30:00,-1,19707.25,19649.0,19765.5,19649.0,115.5,target,2025-03-10
2025-03-11 09:50:00,2025-03-11 09:55:00,-1,19518.75,19532.5,19532.25,19505.25,-28.5,stop,2025-03-11
2025-03-12 09:40:00,2025-03-12 09:55:00,-1,19686.0,19636.0,19736.0,19636.0,99.0,target,2025-03-12
2025-03-13 10:50:00,2025-03-13 10:55:00,1,19461.75,19439.75,19440.0,19483.5,-45.0,stop,2025-03-13
2025-03-14 09:55:00,2025-03-14 10:00:00,-1,19544.75,19498.25,19591.25,19498.25,92.0,target,2025-03-14
2025-03-17 10:20:00,2025-03-17 10:25:00,-1,19778.75,19788.0,19787.75,19769.75,-19.5,stop,2025-03-17
2025-03-18 10:20:00,2025-03-18 10:25:00,1,19496.0,19474.0,19474.25,19517.75,-45.0,stop,2025-03-18
2025-03-19 10:40:00,2025-03-19 10:45:00,-1,19624.25,19606.75,19641.75,19606.75,34.0,target,2025-03-19
2025-03-20 11:05:00,2025-03-20 11:10:00,1,20053.5,20042.0,20042.25,20064.75,-24.0,stop,2025-03-20
2025-03-21 12:55:00,2025-03-21 13:00:00,1,19895.5,19865.25,19865.5,19925.5,-61.5,stop,2025-03-21
2025-03-24 09:45:00,2025-03-24 10:05:00,1,20314.75,20283.5,20283.75,20345.75,-63.5,stop,2025-03-24
2025-03-25 09:45:00,2025-03-25 09:50:00,-1,20373.25,20394.25,20394.0,20352.5,-43.0,stop,2025-03-25
2025-03-26 10:05:00,2025-03-26 10:10:00,-1,20312.25,20313.75,20313.5,20311.0,-4.0,stop,2025-03-26
2025-03-27 11:00:00,2025-03-27 11:05:00,-1,20172.75,20178.75,20178.5,20167.0,-13.0,stop,2025-03-27
2025-03-28 10:55:00,2025-03-28 11:00:00,-1,19605.25,19598.0,19612.5,19598.0,13.5,target,2025-03-28
2025-03-31 10:55:00,2025-03-31 11:00:00,-1,19139.25,19141.5,19141.25,19137.25,-5.5,stop,2025-03-31
2025-04-01 10:20:00,2025-04-01 10:25:00,1,19335.75,19312.25,19312.5,19359.0,-48.0,stop,2025-04-01
2025-04-02 10:00:00,2025-04-02 10:05:00,1,19613.5,19544.25,19544.5,19682.5,-139.5,stop,2025-04-02
2025-04-03 09:40:00,2025-04-03 09:45:00,-1,18989.0,18994.75,18994.5,18983.5,-12.5,stop,2025-04-03
2025-04-04 10:05:00,2025-04-04 10:15:00,-1,18044.75,17948.5,18141.0,17948.5,191.5,target,2025-04-04
2025-04-07 10:40:00,2025-04-07 10:45:00,1,17443.25,17384.75,17385.0,17501.5,-118.0,stop,2025-04-07
2025-04-08 10:30:00,2025-04-08 10:35:00,1,18311.25,18309.25,18309.5,18313.0,-5.0,stop,2025-04-08
2025-04-09 10:15:00,2025-04-09 10:20:00,1,17434.5,17418.0,17418.25,17450.75,-34.0,stop,2025-04-09
2025-04-10 09:40:00,2025-04-10 09:45:00,-1,18730.5,18751.25,18751.0,18710.0,-42.5,stop,2025-04-10
2025-04-11 10:30:00,2025-04-11 10:35:00,1,18419.5,18472.0,18367.0,18472.0,104.0,target,2025-04-11
2025-04-14 09:55:00,2025-04-14 10:00:00,-1,19046.0,19064.0,19063.75,19028.25,-37.0,stop,2025-04-14
2025-04-15 10:30:00,2025-04-15 10:45:00,1,19034.25,18974.5,18974.75,19093.75,-120.5,stop,2025-04-15
2025-04-16 11:30:00,2025-04-16 11:35:00,-1,18699.25,18693.75,18704.75,18693.75,10.0,target,2025-04-16
2025-04-17 09:45:00,2025-04-17 09:50:00,1,18442.5,18459.75,18425.25,18459.75,33.5,target,2025-04-17
2025-04-21 10:25:00,2025-04-21 10:30:00,1,17926.25,17921.75,17922.0,17930.5,-10.0,stop,2025-04-21
2025-04-22 11:25:00,2025-04-22 11:35:00,-1,18351.75,18332.25,18371.25,18332.25,38.0,target,2025-04-22
2025-04-23 13:05:00,2025-04-23 13:10:00,1,18939.25,18924.75,18925.0,18953.5,-30.0,stop,2025-04-23
2025-04-24 10:40:00,2025-04-24 10:45:00,-1,19122.0,19098.75,19145.25,19098.75,45.5,target,2025-04-24
2025-04-25 10:00:00,2025-04-25 10:05:00,1,19300.25,19338.0,19262.5,19338.0,74.5,target,2025-04-25
2025-04-28 09:40:00,2025-04-28 09:55:00,1,19597.5,19515.5,19515.75,19679.25,-165.0,stop,2025-04-28
2025-04-29 10:00:00,2025-04-29 10:05:00,1,19543.0,19564.0,19522.0,19564.0,41.0,target,2025-04-29
2025-04-30 09:50:00,2025-04-30 09:55:00,-1,19173.25,19180.0,19179.75,19166.75,-14.5,stop,2025-04-30
2025-05-01 10:35:00,2025-05-01 10:55:00,1,20028.25,20053.5,20003.0,20053.5,49.5,target,2025-05-01
2025-05-02 10:20:00,2025-05-02 10:25:00,-1,20142.5,20144.75,20144.5,20140.5,-5.5,stop,2025-05-02
2025-05-05 09:45:00,2025-05-05 09:50:00,1,20044.75,20043.0,20043.25,20046.25,-4.5,stop,2025-05-05
2025-05-06 09:45:00,2025-05-06 09:50:00,-1,19799.25,19759.75,19838.75,19759.75,78.0,target,2025-05-06
2025-05-07 10:20:00,2025-05-07 10:45:00,1,19963.5,19948.0,19948.25,19978.75,-32.0,stop,2025-05-07
2025-05-08 10:05:00,2025-05-08 10:10:00,-1,20068.25,20054.0,20082.5,20054.0,27.5,target,2025-05-08
2025-05-09 10:10:00,2025-05-09 10:15:00,-1,20252.5,20254.0,20253.75,20251.25,-4.0,stop,2025-05-09
2025-05-12 10:55:00,2025-05-12 11:00:00,-1,20770.5,20791.25,20791.0,20750.0,-42.5,stop,2025-05-12
2025-05-13 09:45:00,2025-05-13 09:50:00,-1,21055.75,21062.0,21061.75,21049.75,-13.5,stop,2025-05-13
2025-05-14 10:45:00,2025-05-14 10:50:00,1,21344.5,21358.0,21331.0,21358.0,26.0,target,2025-05-14
2025-05-15 10:40:00,2025-05-15 10:55:00,1,21299.75,21324.5,21275.0,21324.5,48.5,target,2025-05-15
2025-05-16 11:00:00,2025-05-16 11:05:00,-1,21382.0,21388.75,21388.5,21375.5,-14.5,stop,2025-05-16
2025-05-19 10:00:00,2025-05-19 10:05:00,1,21390.25,21420.75,21359.75,21420.75,60.0,target,2025-05-19
2025-05-20 10:05:00,2025-05-20 10:10:00,-1,21368.75,21387.0,21386.75,21350.75,-37.5,stop,2025-05-20
2025-05-21 10:10:00,2025-05-21 10:15:00,-1,21386.0,21387.75,21387.5,21384.5,-4.5,stop,2025-05-21
2025-05-22 09:45:00,2025-05-22 09:50:00,1,21181.75,21175.0,21175.25,21188.25,-14.5,stop,2025-05-22
2025-05-23 12:35:00,2025-05-23 12:40:00,1,20981.0,20966.25,20966.5,20995.5,-30.5,stop,2025-05-23
2025-05-26 10:20:00,2025-05-26 10:25:00,-1,21269.25,21270.75,21270.5,21268.0,-4.0,stop,2025-05-26
2025-05-27 10:30:00,2025-05-27 10:35:00,1,21378.0,21374.0,21374.25,21381.75,-9.0,stop,2025-05-27
2025-05-28 10:25:00,2025-05-28 10:30:00,-1,21455.0,21462.25,21462.0,21448.0,-15.5,stop,2025-05-28
2025-05-29 10:00:00,2025-05-29 10:05:00,-1,21486.5,21466.5,21506.5,21466.5,39.0,target,2025-05-29
2025-05-30 10:55:00,2025-05-30 11:00:00,-1,21354.25,21360.25,21360.0,21348.5,-13.0,stop,2025-05-30
2025-06-02 10:20:00,2025-06-02 10:30:00,1,21351.5,21388.0,21315.0,21388.0,72.0,target,2025-06-02
2025-06-03 11:55:00,2025-06-03 12:15:00,1,21684.5,21694.75,21674.25,21694.75,19.5,target,2025-06-03
2025-06-04 09:50:00,2025-06-04 10:00:00,-1,21743.0,21728.5,21757.5,21728.5,28.0,target,2025-06-04
2025-06-05 09:45:00,2025-06-05 09:50:00,-1,21736.0,21748.5,21748.25,21723.75,-26.0,stop,2025-06-05
2025-06-06 10:15:00,2025-06-06 10:20:00,-1,21818.75,21828.75,21828.5,21809.0,-21.0,stop,2025-06-06
2025-06-09 10:05:00,2025-06-09 10:10:00,1,21823.0,21838.5,21807.5,21838.5,30.0,target,2025-06-09
2025-06-10 12:20:00,2025-06-10 12:25:00,1,21899.5,21897.0,21897.25,21901.75,-6.0,stop,2025-06-10
2025-06-11 10:05:00,2025-06-11 10:10:00,1,22000.0,21993.0,21993.25,22006.75,-15.0,stop,2025-06-11
2025-06-12 10:55:00,2025-06-12 11:00:00,-1,21933.25,21939.25,21939.0,21927.5,-13.0,stop,2025-06-12
2025-06-13 10:05:00,2025-06-13 10:10:00,-1,21723.75,21725.5,21725.25,21722.25,-4.5,stop,2025-06-13
2025-06-16 10:35:00,2025-06-16 10:40:00,-1,21969.5,21973.5,21973.25,21965.75,-9.0,stop,2025-06-16
2025-06-17 11:55:00,2025-06-17 12:00:00,-1,21872.25,21875.75,21875.5,21869.0,-8.0,stop,2025-06-17
2025-06-18 10:00:00,2025-06-18 10:10:00,1,22023.5,22045.0,22002.0,22045.0,42.0,target,2025-06-18
2025-06-19 10:05:00,2025-06-19 10:10:00,1,21704.25,21713.5,21695.0,21713.5,17.5,target,2025-06-19
2025-06-20 11:30:00,2025-06-20 11:50:00,1,21894.25,21859.0,21859.25,21929.25,-71.5,stop,2025-06-20
2025-06-23 11:00:00,2025-06-23 11:05:00,1,21988.25,21986.75,21987.0,21989.5,-4.0,stop,2025-06-23
2025-06-24 11:20:00,2025-06-24 11:35:00,1,22365.0,22376.25,22353.75,22376.25,21.5,target,2025-06-24
2025-06-25 12:05:00,2025-06-25 12:10:00,-1,22435.25,22444.25,22444.0,22426.5,-19.0,stop,2025-06-25
2025-06-26 09:45:00,2025-06-26 09:50:00,-1,22497.5,22504.25,22504.0,22491.0,-14.5,stop,2025-06-26
2025-06-27 10:15:00,2025-06-27 10:20:00,-1,22793.75,22797.25,22797.0,22790.5,-8.0,stop,2025-06-27
2025-06-30 11:00:00,2025-06-30 11:05:00,1,22830.0,22836.0,22824.0,22836.0,11.0,target,2025-06-30
2025-07-01 10:10:00,2025-07-01 10:20:00,1,22829.25,22809.0,22809.25,22849.25,-41.5,stop,2025-07-01
2025-07-02 10:40:00,2025-07-02 10:45:00,-1,22776.25,22795.75,22795.5,22757.0,-40.0,stop,2025-07-02
2025-07-03 10:30:00,2025-07-03 10:35:00,-1,23048.75,23059.0,23058.75,23038.75,-21.5,stop,2025-07-03
2025-07-04 10:00:00,2025-07-04 10:05:00,-1,22916.5,22910.5,22922.5,22910.5,11.0,target,2025-07-04
2025-07-07 10:45:00,2025-07-07 10:50:00,1,22929.75,22925.25,22925.5,22934.0,-10.0,stop,2025-07-07
2025-07-08 09:50:00,2025-07-08 09:55:00,1,22917.5,22908.25,22908.5,22926.5,-19.5,stop,2025-07-08
2025-07-09 11:05:00,2025-07-09 11:10:00,-1,22944.25,22947.5,22947.25,22941.25,-7.5,stop,2025-07-09
2025-07-10 10:50:00,2025-07-10 10:55:00,1,22977.5,22975.25,22975.5,22979.5,-5.5,stop,2025-07-10
2025-07-11 09:45:00,2025-07-11 10:10:00,1,22936.25,22978.0,22894.5,22978.0,82.5,target,2025-07-11
2025-07-14 10:25:00,2025-07-14 10:45:00,-1,22938.5,22961.0,22960.75,22916.25,-46.0,stop,2025-07-14
2025-07-15 11:15:00,2025-07-15 11:20:00,1,23138.5,23136.5,23136.75,23140.25,-5.0,stop,2025-07-15
2025-07-16 13:25:00,2025-07-16 13:40:00,-1,23039.75,23028.0,23051.5,23028.0,22.5,target,2025-07-16
2025-07-17 10:40:00,2025-07-17 10:45:00,1,23172.75,23171.0,23171.25,23174.25,-4.5,stop,2025-07-17
2025-07-18 11:05:00,2025-07-18 11:10:00,1,23209.0,23204.5,23204.75,23213.25,-10.0,stop,2025-07-18
2025-07-21 11:10:00,2025-07-21 11:15:00,1,23397.75,23392.5,23392.75,23402.75,-11.5,stop,2025-07-21
2025-07-22 11:15:00,2025-07-22 11:20:00,1,23218.0,23216.75,23217.0,23219.0,-3.5,stop,2025-07-22
2025-07-23 10:10:00,2025-07-23 10:15:00,-1,23150.75,23159.5,23159.25,23142.25,-18.5,stop,2025-07-23
2025-07-24 10:35:00,2025-07-24 10:50:00,1,23353.25,23369.25,23337.25,23369.25,31.0,target,2025-07-24
2025-07-25 10:10:00,2025-07-25 10:15:00,1,23405.0,23403.25,23403.5,23406.5,-4.5,stop,2025-07-25
2025-07-28 09:45:00,2025-07-28 09:50:00,1,23501.0,23497.0,23497.25,23504.75,-9.0,stop,2025-07-28
2025-07-29 10:15:00,2025-07-29 10:20:00,-1,23567.75,23568.75,23568.5,23567.0,-3.0,gap_stop,2025-07-29
2025-07-30 11:35:00,2025-07-30 11:40:00,1,23488.5,23490.0,23487.0,23490.0,2.0,target,2025-07-30
2025-07-31 10:45:00,2025-07-31 10:50:00,-1,23602.75,23609.5,23609.25,23596.25,-14.5,stop,2025-07-31
2025-08-01 10:35:00,2025-08-01 10:40:00,-1,22979.75,22982.25,22982.0,22977.5,-6.0,stop,2025-08-01
2025-08-04 11:15:00,2025-08-04 11:20:00,-1,23197.25,23206.25,23206.0,23188.5,-19.0,stop,2025-08-04
2025-08-05 09:45:00,2025-08-05 10:00:00,1,23381.75,23345.0,23361.75,23401.75,-74.5,gap_stop,2025-08-05
2025-08-06 10:20:00,2025-08-06 10:35:00,-1,23181.0,23219.75,23219.5,23142.5,-78.5,stop,2025-08-06
2025-08-07 09:40:00,2025-08-07 09:45:00,-1,23604.75,23609.25,23609.0,23600.5,-10.0,stop,2025-08-07
2025-08-08 10:40:00,2025-08-08 10:45:00,-1,23686.5,23682.5,23690.5,23682.5,7.0,target,2025-08-08
2025-08-11 10:40:00,2025-08-11 10:45:00,1,23754.5,23751.0,23751.25,23757.75,-8.0,stop,2025-08-11
2025-08-12 12:10:00,2025-08-12 12:15:00,1,23857.5,23860.5,23854.5,23860.5,5.0,target,2025-08-12
2025-08-13 09:50:00,2025-08-13 09:55:00,1,24053.75,24045.0,24045.25,24062.25,-18.5,stop,2025-08-13
2025-08-14 10:25:00,2025-08-14 10:30:00,1,23952.0,23957.0,23947.0,23957.0,9.0,target,2025-08-14
2025-08-15 10:30:00,2025-08-15 10:35:00,-1,23839.75,23851.5,23851.25,23828.25,-24.5,stop,2025-08-15
2025-08-18 09:40:00,2025-08-18 09:45:00,-1,23776.5,23802.25,23802.0,23751.0,-52.5,stop,2025-08-18
2025-08-19 10:25:00,2025-08-19 10:40:00,-1,23626.75,23567.25,23686.25,23567.25,118.0,target,2025-08-19
2025-08-20 12:00:00,2025-08-20 12:15:00,1,23209.25,23245.0,23173.5,23245.0,70.5,target,2025-08-20
2025-08-21 09:50:00,2025-08-21 09:55:00,-1,23239.5,23245.0,23244.75,23234.25,-12.0,stop,2025-08-21
2025-08-22 11:45:00,2025-08-22 11:55:00,-1,23590.25,23569.5,23611.0,23569.5,40.5,target,2025-08-22
2025-08-25 10:15:00,2025-08-25 10:20:00,-1,23535.25,23540.75,23540.5,23530.0,-12.0,stop,2025-08-25
2025-08-26 10:20:00,2025-08-26 10:40:00,1,23540.75,23518.75,23519.0,23562.5,-45.0,stop,2025-08-26
2025-08-27 09:40:00,2025-08-27 09:45:00,-1,23524.75,23496.75,23552.75,23496.75,55.0,target,2025-08-27
2025-08-28 09:40:00,2025-08-28 09:45:00,-1,23701.5,23705.75,23705.5,23697.5,-9.5,stop,2025-08-28
2025-08-29 11:30:00,2025-08-29 11:50:00,-1,23459.5,23439.0,23480.0,23439.0,40.0,target,2025-08-29
2025-09-01 10:45:00,2025-09-01 10:50:00,-1,23487.0,23488.0,23487.75,23486.25,-3.0,stop,2025-09-01
2025-09-02 10:15:00,2025-09-02 10:20:00,1,23224.75,23217.0,23217.25,23232.25,-16.5,stop,2025-09-02
2025-09-03 12:00:00,2025-09-03 12:05:00,-1,23412.25,23415.25,23415.0,23409.5,-7.0,stop,2025-09-03
2025-09-04 09:40:00,2025-09-04 09:45:00,-1,23488.5,23490.25,23490.0,23487.0,-4.5,stop,2025-09-04
2025-09-05 09:40:00,2025-09-05 09:45:00,1,23874.5,23852.5,23852.75,23896.25,-45.0,stop,2025-09-05
2025-09-08 10:10:00,2025-09-08 10:15:00,-1,23841.25,23835.75,23846.75,23835.75,10.0,target,2025-09-08
2025-09-09 10:05:00,2025-09-09 10:10:00,1,23832.0,23841.25,23822.75,23841.25,17.5,target,2025-09-09
2025-09-10 10:15:00,2025-09-10 10:20:00,1,23970.0,23981.0,23959.0,23981.0,21.0,target,2025-09-10
2025-09-11 10:20:00,2025-09-11 10:25:00,1,23969.0,23968.0,23968.25,23969.75,-3.0,stop,2025-09-11
2025-09-12 09:55:00,2025-09-12 10:00:00,1,24046.25,24032.0,24032.25,24060.25,-29.5,stop,2025-09-12
2025-09-15 10:05:00,2025-09-15 10:10:00,-1,24249.25,24250.5,24250.25,24248.25,-3.5,stop,2025-09-15
2025-09-16 09:50:00,2025-09-16 10:05:00,-1,24294.75,24311.25,24311.0,24278.5,-34.0,stop,2025-09-16
2025-09-17 11:20:00,2025-09-17 11:25:00,-1,24183.75,24178.75,24188.75,24178.75,9.0,target,2025-09-17
2025-09-18 11:00:00,2025-09-18 11:05:00,1,24757.25,24749.25,24749.5,24765.0,-17.0,stop,2025-09-18
2025-09-19 10:50:00,2025-09-19 10:55:00,1,24760.0,24758.5,24758.75,24761.25,-4.0,stop,2025-09-19
2025-09-22 10:55:00,2025-09-22 11:00:00,1,24927.0,24923.25,24923.5,24930.5,-8.5,stop,2025-09-22
2025-09-23 09:50:00,2025-09-23 09:55:00,-1,24948.25,24950.0,24949.75,24946.75,-4.5,stop,2025-09-23
2025-09-24 10:05:00,2025-09-24 10:10:00,-1,24814.25,24821.0,24820.75,24807.75,-14.5,stop,2025-09-24
2025-09-25 11:20:00,2025-09-25 11:30:00,-1,24612.5,24639.5,24639.25,24585.75,-55.0,stop,2025-09-25
2025-09-26 10:00:00,2025-09-26 10:05:00,-1,24675.0,24660.0,24690.0,24660.0,29.0,target,2025-09-26
2025-09-29 12:00:00,2025-09-29 12:05:00,-1,24829.5,24837.75,24837.5,24821.5,-17.5,stop,2025-09-29
2025-09-30 10:55:00,2025-09-30 11:00:00,1,24842.75,24853.5,24832.0,24853.5,20.5,target,2025-09-30
2025-10-01 11:15:00,2025-10-01 11:30:00,-1,24879.5,24898.0,24897.75,24861.25,-38.0,stop,2025-10-01
2025-10-02 12:40:00,2025-10-02 12:45:00,-1,25050.5,25060.75,25060.5,25040.5,-21.5,stop,2025-10-02
2025-10-03 10:20:00,2025-10-03 10:25:00,1,25079.75,25078.0,25078.25,25081.25,-4.5,stop,2025-10-03
2025-10-06 13:35:00,2025-10-06 13:40:00,1,25223.75,25222.5,25222.75,25224.75,-3.5,stop,2025-10-06
2025-10-07 10:45:00,2025-10-07 10:50:00,-1,25192.75,25189.5,25196.0,25189.5,5.5,target,2025-10-07
2025-10-08 10:20:00,2025-10-08 10:25:00,-1,25200.0,25210.5,25210.25,25189.75,-22.0,stop,2025-10-08
2025-10-09 10:20:00,2025-10-09 10:25:00,1,25272.5,25271.5,25271.75,25273.25,-3.0,stop,2025-10-09
2025-10-10 11:40:00,2025-10-10 12:00:00,1,24861.25,24756.0,24756.25,24966.25,-211.5,stop,2025-10-10
2025-10-13 10:10:00,2025-10-13 10:15:00,-1,24884.25,24902.25,24902.0,24866.5,-37.0,stop,2025-10-13
2025-10-14 10:55:00,2025-10-14 11:00:00,-1,24689.75,24699.25,24699.0,24680.5,-20.0,stop,2025-10-14
2025-10-15 09:50:00,2025-10-15 09:55:00,1,24978.75,25016.0,24941.5,25016.0,73.5,target,2025-10-15
2025-10-16 11:05:00,2025-10-16 11:10:00,1,25124.5,25109.5,25109.75,25139.25,-31.0,stop,2025-10-16
2025-10-17 12:00:00,2025-10-17 12:30:00,1,24906.5,24961.25,24851.75,24961.25,108.5,target,2025-10-17
2025-10-20 11:10:00,2025-10-20 11:15:00,-1,25290.75,25305.0,25304.75,25276.75,-29.5,stop,2025-10-20
2025-10-21 11:15:00,2025-10-21 11:20:00,-1,25271.0,25259.25,25282.75,25259.25,22.5,target,2025-10-21
2025-10-22 10:45:00,2025-10-22 10:50:00,1,25108.75,25120.25,25097.25,25120.25,22.0,target,2025-10-22
2025-10-23 10:05:00,2025-10-23 10:15:00,-1,25124.75,25094.25,25155.25,25094.25,60.0,target,2025-10-23
2025-10-24 09:45:00,2025-10-24 09:50:00,-1,25484.25,25465.5,25503.0,25465.5,36.5,target,2025-10-24
2025-10-27 11:25:00,2025-10-27 11:40:00,1,25898.75,25905.5,25892.0,25905.5,12.5,target,2025-10-27
2025-10-28 10:15:00,2025-10-28 10:20:00,-1,26057.75,26060.25,26060.0,26055.5,-6.0,stop,2025-10-28
2025-10-29 10:25:00,2025-10-29 10:35:00,1,26298.0,26306.75,26289.25,26306.75,16.5,target,2025-10-29
2025-10-30 09:45:00,2025-10-30 09:50:00,1,26056.0,26131.0,25981.0,26131.0,149.0,target,2025-10-30
2025-10-31 12:50:00,2025-10-31 12:55:00,-1,25954.5,25932.25,25976.75,25932.25,43.5,target,2025-10-31
2025-11-03 10:25:00,2025-11-03 10:40:00,-1,26043.75,26086.25,26086.0,26001.5,-86.0,stop,2025-11-03
2025-11-04 10:15:00,2025-11-04 10:25:00,1,25872.0,25888.5,25855.5,25888.5,32.0,target,2025-11-04
2025-11-05 10:20:00,2025-11-05 10:25:00,1,25684.25,25708.25,25660.25,25708.25,47.0,target,2025-11-05
2025-11-06 10:15:00,2025-11-06 10:20:00,1,25486.25,25520.75,25451.75,25520.75,68.0,target,2025-11-06
2025-11-07 10:00:00,2025-11-07 10:05:00,-1,24940.75,24895.75,24985.75,24895.75,89.0,target,2025-11-07
2025-11-10 10:10:00,2025-11-10 10:15:00,-1,25624.75,25635.0,25634.75,25614.75,-21.5,stop,2025-11-10
2025-11-11 09:55:00,2025-11-11 10:05:00,1,25627.25,25582.25,25582.5,25672.0,-91.0,stop,2025-11-11
2025-11-12 10:10:00,2025-11-12 10:25:00,-1,25594.5,25623.75,25623.5,25565.5,-59.5,stop,2025-11-12
2025-11-13 10:05:00,2025-11-13 10:15:00,1,25440.0,25483.5,25396.5,25483.5,86.0,target,2025-11-13
2025-11-14 10:00:00,2025-11-14 10:05:00,-1,24911.5,24926.75,24926.5,24896.5,-31.5,stop,2025-11-14
2025-11-17 10:35:00,2025-11-17 10:40:00,-1,25076.5,25080.25,25080.0,25073.0,-8.5,stop,2025-11-17
2025-11-18 10:15:00,2025-11-18 10:20:00,-1,24497.75,24517.25,24517.0,24478.5,-40.0,stop,2025-11-18
2025-11-19 11:20:00,2025-11-19 11:25:00,-1,24685.25,24709.75,24709.5,24661.0,-50.0,stop,2025-11-19
2025-11-20 10:15:00,2025-11-20 10:20:00,1,25218.5,25215.75,25216.0,25221.0,-6.5,stop,2025-11-20
2025-11-21 09:50:00,2025-11-21 09:55:00,1,24281.25,24225.0,24225.25,24337.25,-113.5,stop,2025-11-21
2025-11-24 09:50:00,2025-11-24 09:55:00,1,24639.25,24629.5,24629.75,24648.75,-20.5,stop,2025-11-24
2025-11-25 10:20:00,2025-11-25 10:25:00,-1,24713.25,24728.0,24727.75,24698.75,-30.5,stop,2025-11-25
2025-11-26 11:15:00,2025-11-26 11:20:00,1,25308.25,25316.75,25299.75,25316.75,16.0,target,2025-11-26
2025-11-27 10:20:00,2025-11-27 10:25:00,1,25306.5,25305.0,25305.25,25307.75,-4.0,stop,2025-11-27
2025-11-28 12:00:00,2025-11-28 12:05:00,-1,25422.25,25424.5,25424.25,25420.25,-5.5,stop,2025-11-28
2025-12-01 10:35:00,2025-12-01 10:40:00,1,25344.5,25325.25,25325.5,25363.5,-39.5,stop,2025-12-01
2025-12-02 09:45:00,2025-12-02 09:50:00,-1,25583.5,25586.5,25586.25,25580.75,-7.0,stop,2025-12-02
2025-12-03 10:15:00,2025-12-03 10:20:00,1,25536.25,25530.0,25530.25,25542.25,-13.5,stop,2025-12-03
2025-12-04 09:55:00,2025-12-04 10:05:00,-1,25554.25,25584.0,25583.75,25524.75,-60.5,stop,2025-12-04
2025-12-05 10:25:00,2025-12-05 10:30:00,-1,25836.75,25840.75,25840.5,25833.0,-9.0,stop,2025-12-05
2025-12-08 09:45:00,2025-12-08 10:20:00,-1,25758.0,25712.0,25804.0,25712.0,91.0,target,2025-12-08
2025-12-09 10:20:00,2025-12-09 10:25:00,1,25648.75,25636.25,25636.5,25661.0,-26.0,stop,2025-12-09
2025-12-10 10:25:00,2025-12-10 10:30:00,-1,25635.5,25641.75,25641.5,25629.5,-13.5,stop,2025-12-10
2025-12-11 11:05:00,2025-12-11 11:10:00,-1,25501.5,25522.25,25522.0,25481.0,-42.5,stop,2025-12-11
2025-12-12 09:40:00,2025-12-12 09:45:00,-1,25553.25,25537.0,25569.5,25537.0,31.5,target,2025-12-12
2025-12-15 09:45:00,2025-12-15 09:50:00,1,25304.75,25295.5,25295.75,25313.75,-19.5,stop,2025-12-15
2025-12-16 11:30:00,2025-12-16 11:35:00,1,25019.25,24995.0,24995.25,25043.25,-49.5,stop,2025-12-16
2025-12-17 12:15:00,2025-12-17 12:20:00,1,24807.75,24838.5,24777.0,24838.5,60.5,target,2025-12-17
2025-12-18 09:50:00,2025-12-18 10:00:00,1,25259.25,25296.0,25222.5,25296.0,72.5,target,2025-12-18
2025-12-19 10:20:00,2025-12-19 10:25:00,-1,25509.5,25487.75,25531.25,25487.75,42.5,target,2025-12-19
2025-12-22 09:45:00,2025-12-22 09:50:00,1,25719.0,25732.5,25705.5,25732.5,26.0,target,2025-12-22
2025-12-23 09:40:00,2025-12-23 09:45:00,1,25729.75,25740.75,25718.75,25740.75,21.0,target,2025-12-23
2025-12-24 11:20:00,2025-12-24 11:25:00,1,25854.25,25850.5,25850.75,25857.75,-8.5,stop,2025-12-24
2025-12-26 10:40:00,2025-12-26 10:45:00,-1,25881.5,25884.5,25884.25,25878.75,-7.0,stop,2025-12-26
2025-12-29 10:00:00,2025-12-29 10:05:00,-1,25709.5,25716.75,25716.5,25702.5,-15.5,stop,2025-12-29
2025-12-30 09:45:00,2025-12-30 09:55:00,1,25736.5,25772.0,25701.0,25772.0,70.0,target,2025-12-30
2025-12-31 09:50:00,2025-12-31 09:55:00,1,25628.25,25624.25,25624.5,25632.0,-9.0,stop,2025-12-31
2026-01-02 12:20:00,2026-01-02 12:25:00,-1,25377.0,25383.0,25382.75,25371.25,-13.0,stop,2026-01-02
2026-01-05 10:00:00,2026-01-05 10:15:00,1,25634.75,25654.5,25615.0,25654.5,38.5,target,2026-01-05
2026-01-06 10:20:00,2026-01-06 10:25:00,1,25763.5,25770.75,25756.25,25770.75,13.5,target,2026-01-06
2026-01-07 13:30:00,2026-01-07 13:35:00,1,25951.75,25942.0,25942.25,25961.25,-20.5,stop,2026-01-07
2026-01-08 11:40:00,2026-01-08 11:45:00,1,25649.25,25671.25,25627.25,25671.25,43.0,target,2026-01-08
2026-01-09 10:55:00,2026-01-09 11:00:00,1,25812.0,25846.5,25777.5,25846.5,68.0,target,2026-01-09
2026-01-12 10:10:00,2026-01-12 10:15:00,1,25906.0,25889.5,25889.75,25922.25,-34.0,stop,2026-01-12
2026-01-13 09:45:00,2026-01-13 09:50:00,-1,25974.75,25990.75,25990.5,25959.0,-33.0,stop,2026-01-13
2026-01-14 09:55:00,2026-01-14 10:00:00,-1,25585.0,25552.75,25617.25,25552.75,63.5,target,2026-01-14
2026-01-15 10:25:00,2026-01-15 10:30:00,-1,25862.5,25876.0,25875.75,25849.25,-28.0,stop,2026-01-15
2026-01-16 09:50:00,2026-01-16 09:55:00,-1,25785.25,25750.0,25820.5,25750.0,69.5,target,2026-01-16
2026-01-20 10:15:00,2026-01-20 10:20:00,-1,25258.25,25270.5,25270.25,25246.25,-25.5,stop,2026-01-20
2026-01-21 10:05:00,2026-01-21 10:10:00,-1,25315.5,25318.25,25318.0,25313.0,-6.5,stop,2026-01-21
2026-01-22 10:15:00,2026-01-22 10:20:00,1,25564.0,25556.0,25556.25,25571.75,-17.0,stop,2026-01-22
2026-01-23 10:30:00,2026-01-23 10:45:00,1,25772.5,25795.0,25750.0,25795.0,44.0,target,2026-01-23
2026-01-26 09:50:00,2026-01-26 09:55:00,1,25823.25,25829.75,25816.75,25829.75,12.0,target,2026-01-26
2026-01-27 11:55:00,2026-01-27 12:00:00,-1,26079.5,26073.0,26086.0,26073.0,12.0,target,2026-01-27
2026-01-28 09:40:00,2026-01-28 09:45:00,1,26285.5,26251.5,26251.75,26319.25,-69.0,stop,2026-01-28
2026-01-29 10:25:00,2026-01-29 10:30:00,-1,25735.5,25747.5,25747.25,25723.75,-25.0,stop,2026-01-29
2026-01-30 09:55:00,2026-01-30 10:00:00,-1,25826.75,25873.0,25872.75,25780.75,-93.5,stop,2026-01-30
2026-02-02 10:35:00,2026-02-02 10:40:00,1,25904.0,25878.25,25878.5,25929.5,-52.5,stop,2026-02-02
2026-02-03 09:50:00,2026-02-03 09:55:00,-1,25719.75,25691.75,25747.75,25691.75,55.0,target,2026-02-03
2026-02-04 11:10:00,2026-02-04 11:15:00,1,25111.5,25080.75,25081.0,25142.0,-62.5,stop,2026-02-04
2026-02-05 10:35:00,2026-02-05 10:45:00,1,24665.25,24610.25,24610.5,24720.0,-111.0,stop,2026-02-05
2026-02-06 09:50:00,2026-02-06 09:55:00,-1,24909.75,24901.5,24918.0,24901.5,15.5,target,2026-02-06
2026-02-09 09:50:00,2026-02-09 09:55:00,-1,25122.75,25133.5,25133.25,25112.25,-22.5,stop,2026-02-09
2026-02-10 11:20:00,2026-02-10 11:30:00,-1,25351.5,25328.5,25374.5,25328.5,45.0,target,2026-02-10
2026-02-11 09:50:00,2026-02-11 09:55:00,-1,25375.75,25379.75,25379.5,25372.0,-9.0,stop,2026-02-11
2026-02-12 09:40:00,2026-02-12 09:45:00,-1,25309.0,25273.0,25345.0,25273.0,71.0,target,2026-02-12
2026-02-13 11:05:00,2026-02-13 11:10:00,1,24877.75,24842.0,24842.25,24913.25,-72.5,stop,2026-02-13
2026-02-16 10:40:00,2026-02-16 10:45:00,-1,24685.25,24686.75,24686.5,24684.0,-4.0,stop,2026-02-16
2026-02-17 10:15:00,2026-02-17 10:25:00,1,24633.75,24530.75,24531.0,24736.5,-207.0,stop,2026-02-17
2026-02-18 09:50:00,2026-02-18 09:55:00,1,24886.75,24908.75,24864.75,24908.75,43.0,target,2026-02-18
2026-02-19 09:50:00,2026-02-19 09:55:00,1,24862.25,24878.25,24846.25,24878.25,31.0,target,2026-02-19
2026-02-20 10:35:00,2026-02-20 10:40:00,1,25007.5,24979.0,24979.25,25035.75,-58.0,stop,2026-02-20
2026-02-23 10:25:00,2026-02-23 10:30:00,-1,24870.25,24883.5,24883.25,24857.25,-27.5,stop,2026-02-23
2026-02-24 10:20:00,2026-02-24 10:25:00,1,24949.0,25001.25,24896.75,25001.25,103.5,target,2026-02-24
2026-02-25 10:30:00,2026-02-25 10:35:00,-1,25297.25,25287.75,25306.75,25287.75,18.0,target,2026-02-25
2026-02-26 09:45:00,2026-02-26 09:50:00,-1,25230.0,25234.5,25234.25,25225.75,-10.0,stop,2026-02-26
2026-02-27 12:10:00,2026-02-27 12:20:00,-1,24960.5,24925.0,24996.0,24925.0,70.0,target,2026-02-27
2026-03-02 11:15:00,2026-03-02 11:25:00,-1,24931.5,24895.25,24967.75,24895.25,71.5,target,2026-03-02
2026-03-03 10:05:00,2026-03-03 10:10:00,1,24503.5,24489.25,24489.5,24517.5,-29.5,stop,2026-03-03
2026-03-04 11:25:00,2026-03-04 11:30:00,1,25106.75,25124.75,25088.75,25124.75,35.0,target,2026-03-04
2026-03-05 10:15:00,2026-03-05 10:20:00,-1,25107.0,25068.25,25145.75,25068.25,76.5,target,2026-03-05
2026-03-06 09:50:00,2026-03-06 09:55:00,1,24686.25,24685.0,24685.25,24687.25,-3.5,stop,2026-03-06
2026-03-09 10:55:00,2026-03-09 11:00:00,-1,24550.0,24557.0,24556.75,24543.25,-15.0,stop,2026-03-09
2026-03-10 13:30:00,2026-03-10 13:35:00,-1,25162.25,25128.5,25196.0,25128.5,66.5,target,2026-03-10
2026-03-11 10:05:00,2026-03-11 10:10:00,-1,25089.5,25100.25,25100.0,25079.0,-22.5,stop,2026-03-11
2026-03-12 10:40:00,2026-03-12 10:45:00,1,24645.25,24620.25,24620.5,24670.0,-51.0,stop,2026-03-12
2026-03-13 10:20:00,2026-03-13 10:25:00,1,24671.25,24668.5,24668.75,24673.75,-6.5,stop,2026-03-13
2026-03-16 10:05:00,2026-03-16 10:10:00,1,24739.75,24736.0,24736.25,24743.25,-8.5,stop,2026-03-16
2026-03-17 09:45:00,2026-03-17 10:00:00,1,24894.75,24854.75,24855.0,24934.5,-81.0,stop,2026-03-17
2026-03-18 10:10:00,2026-03-18 10:25:00,-1,24674.25,24626.5,24722.0,24626.5,94.5,target,2026-03-18
2026-03-19 10:30:00,2026-03-19 11:25:00,1,24516.0,24446.25,24446.5,24585.5,-140.5,stop,2026-03-19
2026-03-20 10:10:00,2026-03-20 10:15:00,-1,24255.25,24284.75,24284.5,24226.0,-60.0,stop,2026-03-20
2026-03-23 10:00:00,2026-03-23 10:05:00,-1,24551.0,24569.5,24569.25,24532.75,-38.0,stop,2026-03-23
2026-03-24 15:10:00,2026-03-24 15:15:00,1,24315.75,24301.0,24301.25,24330.25,-30.5,stop,2026-03-24
2026-03-25 10:00:00,2026-03-25 10:05:00,1,24395.25,24410.25,24380.25,24410.25,29.0,target,2026-03-25
2026-03-26 10:10:00,2026-03-26 10:15:00,1,24213.0,24211.5,24211.75,24214.25,-4.0,stop,2026-03-26
2026-03-27 11:10:00,2026-03-27 11:15:00,-1,23494.75,23476.5,23513.0,23476.5,35.5,target,2026-03-27
2026-03-30 10:35:00,2026-03-30 10:40:00,-1,23312.5,23320.5,23320.25,23304.75,-17.0,stop,2026-03-30
2026-03-31 10:15:00,2026-03-31 10:20:00,1,23550.0,23528.5,23528.75,23571.25,-44.0,stop,2026-03-31
2026-04-01 10:00:00,2026-04-01 10:05:00,1,24147.75,24120.75,24121.0,24174.5,-55.0,stop,2026-04-01
2026-04-02 10:15:00,2026-04-02 10:25:00,1,23978.0,23944.5,23944.75,24011.25,-68.0,stop,2026-04-02
2026-04-06 10:35:00,2026-04-06 13:10:00,-1,24302.75,24247.5,24358.0,24247.5,109.5,target,2026-04-06
2026-04-07 09:50:00,2026-04-07 09:55:00,1,24200.0,24197.75,24198.0,24202.0,-5.5,stop,2026-04-07
2026-04-08 10:00:00,2026-04-08 10:05:00,1,25088.0,25085.0,25085.25,25090.75,-7.0,stop,2026-04-08
2026-04-09 13:00:00,2026-04-09 13:05:00,1,25208.5,25203.5,25203.75,25213.25,-11.0,stop,2026-04-09
2026-04-10 10:55:00,2026-04-10 11:05:00,1,25352.25,25329.75,25330.0,25374.5,-46.0,stop,2026-04-10
2026-04-13 10:35:00,2026-04-13 10:40:00,-1,25290.0,25294.75,25294.5,25285.5,-10.5,stop,2026-04-13
2026-04-14 10:05:00,2026-04-14 10:15:00,1,25758.75,25785.0,25732.5,25785.0,51.5,target,2026-04-14
2026-04-15 10:35:00,2026-04-15 10:40:00,-1,26111.25,26131.75,26131.5,26091.0,-42.0,stop,2026-04-15
2026-04-16 10:55:00,2026-04-16 11:00:00,-1,26403.5,26411.25,26411.0,26396.0,-16.5,stop,2026-04-16
2026-04-17 10:15:00,2026-04-17 10:20:00,-1,26745.75,26749.75,26749.5,26742.0,-9.0,stop,2026-04-17
2026-04-20 09:50:00,2026-04-20 09:55:00,1,26774.5,26798.75,26750.25,26798.75,47.5,target,2026-04-20
2026-04-21 14:00:00,2026-04-21 14:05:00,1,26714.5,26727.25,26701.75,26727.25,24.5,target,2026-04-21
2026-04-22 11:00:00,2026-04-22 11:05:00,-1,26947.75,26958.0,26957.75,26937.75,-21.5,stop,2026-04-22
2026-04-23 10:05:00,2026-04-23 10:10:00,1,27027.0,27023.5,27023.75,27030.25,-8.0,stop,2026-04-23
2026-04-24 09:50:00,2026-04-24 09:55:00,-1,27172.75,27132.75,27212.75,27132.75,79.0,target,2026-04-24
2026-04-27 10:05:00,2026-04-27 10:10:00,-1,27367.0,27381.25,27381.0,27353.0,-29.5,stop,2026-04-27
2026-04-28 11:20:00,2026-04-28 11:30:00,-1,27061.5,27029.5,27093.5,27029.5,63.0,target,2026-04-28
2026-04-29 10:00:00,2026-04-29 10:05:00,-1,27202.0,27186.75,27217.25,27186.75,29.5,target,2026-04-29
2026-04-30 10:00:00,2026-04-30 10:05:00,1,27287.75,27261.5,27261.75,27313.75,-53.5,stop,2026-04-30
2026-05-01 12:50:00,2026-05-01 12:55:00,1,27841.0,27852.25,27829.75,27852.25,21.5,target,2026-05-01
2026-05-04 09:40:00,2026-05-04 09:45:00,1,27856.0,27870.75,27841.25,27870.75,28.5,target,2026-05-04
2026-05-05 10:00:00,2026-05-05 10:05:00,1,28099.0,28092.25,28092.5,28105.5,-14.5,stop,2026-05-05
2026-05-06 09:50:00,2026-05-06 09:55:00,1,28495.5,28481.25,28481.5,28509.5,-29.5,stop,2026-05-06
2026-05-07 10:50:00,2026-05-07 10:55:00,1,28921.75,28934.75,28908.75,28934.75,25.0,target,2026-05-07
2026-05-08 10:10:00,2026-05-08 10:15:00,-1,29100.25,29104.25,29104.0,29096.5,-9.0,stop,2026-05-08
2026-05-11 10:20:00,2026-05-11 10:25:00,-1,29387.75,29376.75,29398.75,29376.75,21.0,target,2026-05-11
2026-05-12 09:55:00,2026-05-12 10:15:00,-1,29129.25,29213.25,29213.0,29045.5,-169.0,stop,2026-05-12
2026-05-13 10:05:00,2026-05-13 10:10:00,-1,29144.25,29162.0,29161.75,29126.75,-36.5,stop,2026-05-13
2026-05-14 10:55:00,2026-05-14 11:00:00,-1,29674.25,29689.0,29688.75,29659.75,-30.5,stop,2026-05-14
2026-05-15 09:45:00,2026-05-15 09:50:00,1,29219.25,29209.25,29209.5,29229.0,-21.0,stop,2026-05-15
2026-05-18 10:20:00,2026-05-18 10:25:00,-1,29205.0,29231.5,29231.25,29178.75,-54.0,stop,2026-05-18
2026-05-19 09:50:00,2026-05-19 09:55:00,1,28997.75,28948.5,28948.75,29046.75,-99.5,stop,2026-05-19
2026-05-20 09:50:00,2026-05-20 09:55:00,-1,29084.0,29050.25,29117.75,29050.25,66.5,target,2026-05-20
2026-05-21 10:10:00,2026-05-21 10:15:00,-1,29268.25,29230.5,29306.0,29230.5,74.5,target,2026-05-21
2026-05-22 09:50:00,2026-05-22 09:55:00,-1,29624.5,29628.0,29627.75,29621.25,-8.0,stop,2026-05-22
2026-05-25 10:00:00,2026-05-25 10:05:00,-1,29984.5,29978.0,29991.0,29978.0,12.0,target,2026-05-25
2026-05-26 10:10:00,2026-05-26 10:20:00,1,30028.75,30050.5,30007.0,30050.5,42.5,target,2026-05-26
2026-05-27 09:55:00,2026-05-27 10:00:00,1,30060.5,30090.75,30030.25,30090.75,59.5,target,2026-05-27
2026-05-28 13:05:00,2026-05-28 13:10:00,-1,30321.5,30324.5,30324.25,30318.75,-7.0,stop,2026-05-28
2026-05-29 11:05:00,2026-05-29 11:10:00,1,30390.5,30406.5,30374.5,30406.5,31.0,target,2026-05-29
2026-06-01 10:20:00,2026-06-01 10:50:00,1,30405.5,30445.0,30366.0,30445.0,78.0,target,2026-06-01
2026-06-02 11:30:00,2026-06-02 11:35:00,1,30672.75,30670.0,30670.25,30675.25,-6.5,stop,2026-06-02
2026-06-03 09:40:00,2026-06-03 09:45:00,-1,30625.25,30536.0,30714.5,30536.0,177.5,target,2026-06-03
2026-06-04 10:50:00,2026-06-04 10:55:00,1,30320.5,30317.25,30317.5,30323.5,-7.5,stop,2026-06-04
2026-06-05 11:50:00,2026-06-05 11:55:00,1,29670.0,29656.75,29657.0,29683.0,-27.5,stop,2026-06-05
2026-06-08 09:40:00,2026-06-08 09:50:00,1,29516.5,29441.75,29442.0,29591.0,-150.5,stop,2026-06-08
2026-06-09 11:40:00,2026-06-09 11:45:00,1,28903.5,28920.0,28887.0,28920.0,32.0,target,2026-06-09
2026-06-10 09:50:00,2026-06-10 09:55:00,-1,29028.75,29042.0,29041.75,29015.75,-27.5,stop,2026-06-10
2026-06-11 09:40:00,2026-06-11 09:45:00,1,28739.25,28716.5,28716.75,28761.75,-46.5,stop,2026-06-11
2026-06-12 10:35:00,2026-06-12 10:40:00,1,29545.75,29536.25,29536.5,29555.0,-20.0,stop,2026-06-12
2026-06-15 09:40:00,2026-06-15 09:45:00,1,30400.5,30431.5,30369.5,30431.5,61.0,target,2026-06-15
2026-06-16 09:40:00,2026-06-16 09:45:00,1,30510.25,30520.75,30499.75,30520.75,20.0,target,2026-06-16
2026-06-17 09:40:00,2026-06-17 09:45:00,1,30519.75,30451.0,30451.25,30588.25,-138.5,stop,2026-06-17
2026-06-18 09:45:00,2026-06-18 09:50:00,1,30496.75,30468.75,30469.0,30524.5,-57.0,stop,2026-06-18
2026-06-19 10:10:00,2026-06-19 10:15:00,-1,30663.25,30668.5,30668.25,30658.25,-11.5,stop,2026-06-19
2026-06-22 10:10:00,2026-06-22 10:15:00,-1,30909.25,30905.75,30912.75,30905.75,6.0,target,2026-06-22
2026-06-23 10:30:00,2026-06-23 10:35:00,-1,29939.0,29980.75,29980.5,29897.5,-84.5,stop,2026-06-23
2026-06-24 09:50:00,2026-06-24 10:00:00,1,29767.5,29661.5,29661.75,29873.25,-213.0,stop,2026-06-24
2026-06-25 11:20:00,2026-06-25 11:25:00,1,29645.5,29595.25,29595.5,29695.5,-101.5,stop,2026-06-25
2026-06-26 10:15:00,2026-06-26 10:20:00,-1,29526.75,29528.5,29527.5,29526.0,-4.5,gap_stop,2026-06-26
2026-06-29 11:15:00,2026-06-29 11:20:00,-1,29695.5,29706.75,29706.5,29684.5,-23.5,stop,2026-06-29
2026-06-30 11:45:00,2026-06-30 11:50:00,1,30431.5,30446.75,30416.25,30446.75,29.5,target,2026-06-30
