tag,side,t_signal,t_entry,entry,stop0,t_exit,reason,gross_px,net_px,risk_px,R,gross_R,mfe_R,mae_R,net_usd_1,m_range_lo,m_range_hi,m_ob_lo,m_ob_hi,m_msb_i
B4_H4_OB_limit,1,2024-07-09 06:00:00+00:00,2024-07-09 17:18:00+00:00,22582.25,22532.25,2024-07-10 11:44:00+00:00,target,109.0,108.5,50.0,2.17,2.18,2.19,-0.475,217.0,22521.75,22691.25,22532.5,22582.25,32
B4_H4_OB_limit,-1,2024-07-19 21:00:00+00:00,2024-07-22 13:08:00+00:00,21878.5,21906.0,2024-07-22 13:38:00+00:00,stop,-27.5,-28.25,27.5,-1.0272727272727273,-1.0,1.9545454545454546,-1.5727272727272728,-56.5,21922.0,21596.5,21878.5,21905.75,86
B4_H4_OB_limit,-1,2024-07-19 02:00:00+00:00,2024-07-22 13:47:00+00:00,21966.75,22023.25,2024-07-22 18:09:00+00:00,be,-0.0,-0.75,56.5,-0.01327433628318584,-0.0,3.809734513274336,-0.2079646017699115,-1.5,22105.25,21701.25,21966.75,22023.0,80
B4_H4_OB_limit,1,2024-08-21 21:00:00+00:00,2024-08-22 15:20:00+00:00,21777.75,21732.25,2024-08-22 15:33:00+00:00,stop,-45.5,-46.25,45.5,-1.0164835164835164,-1.0,0.13186813186813187,-1.3186813186813187,-92.5,21732.5,21924.5,21732.5,21777.75,223
B4_H4_OB_limit,-1,2024-08-23 02:00:00+00:00,2024-08-23 14:13:00+00:00,21829.5,21968.5,2024-08-26 14:37:00+00:00,target,345.0,344.5,139.0,2.4784172661870505,2.4820143884892087,2.523381294964029,-0.11690647482014388,689.0,21968.25,21484.5,21829.5,21968.25,230
B4_H4_OB_limit,-1,2024-08-29 06:00:00+00:00,2024-08-29 13:35:00+00:00,21541.0,21632.75,2024-08-29 14:50:00+00:00,stop,-91.75,-92.5,91.75,-1.008174386920981,-1.0,0.7411444141689373,-1.0190735694822888,-185.0,21632.5,21081.5,21541.0,21632.5,253
B4_H4_OB_limit,-1,2024-09-16 21:00:00+00:00,2024-09-17 07:15:00+00:00,21421.0,21489.5,2024-09-17 09:49:00+00:00,stop,-68.5,-69.25,68.5,-1.010948905109489,-1.0,0.14963503649635038,-1.0072992700729928,-138.5,21489.25,21241.5,21421.0,21489.25,330
B4_H4_OB_limit,1,2024-10-04 18:00:00+00:00,2024-10-07 09:10:00+00:00,21776.0,21698.75,2024-10-07 18:47:00+00:00,stop,-77.25,-78.0,77.25,-1.0097087378640777,-1.0,1.5242718446601942,-1.0420711974110033,-156.0,21678.0,21969.0,21699.0,21776.0,414
B4_H4_OB_limit,1,2024-10-10 02:00:00+00:00,2024-10-15 19:04:00+00:00,22004.0,21927.0,2024-10-16 13:51:00+00:00,stop,-77.0,-77.75,77.0,-1.0097402597402598,-1.0,1.2922077922077921,-1.0227272727272727,-155.5,21901.5,22188.25,21927.25,22004.0,433
B4_H4_OB_limit,-1,2024-10-16 02:00:00+00:00,2024-10-17 13:07:00+00:00,22284.5,22365.5,2024-10-22 18:01:00+00:00,be,-0.0,-0.75,81.0,-0.009259259259259259,-0.0,3.1790123456790123,-0.19753086419753085,-1.5,22365.25,21960.0,22284.5,22365.25,457
B4_H4_OB_limit,1,2024-10-30 06:00:00+00:00,2024-10-30 19:55:00+00:00,22232.75,22137.75,2024-10-30 22:24:00+00:00,stop,-95.0,-95.75,95.0,-1.0078947368421052,-1.0,0.6263157894736842,-1.0473684210526315,-191.5,22138.0,22495.75,22138.0,22232.75,517
B4_H4_OB_limit,-1,2024-11-01 02:00:00+00:00,2024-11-06 07:09:00+00:00,22413.25,22471.0,2024-11-06 12:48:00+00:00,be,-0.0,-0.75,57.75,-0.012987012987012988,-0.0,2.1904761904761907,-0.4199134199134199,-1.5,22460.5,21713.75,22413.25,22470.75,524
B4_H4_OB_limit,1,2024-11-08 03:00:00+00:00,2024-11-15 00:37:00+00:00,22630.25,22566.5,2024-11-15 06:21:00+00:00,stop,-63.75,-64.5,63.75,-1.011764705882353,-1.0,0.13333333333333333,-1.031372549019608,-129.0,22610.25,22959.5,22566.75,22630.25,558
B4_H4_OB_limit,-1,2024-12-13 03:00:00+00:00,2024-12-13 08:17:00+00:00,23458.75,23479.0,2024-12-13 09:24:00+00:00,stop,-20.25,-21.0,20.25,-1.037037037037037,-1.0,0.2222222222222222,-1.037037037037037,-42.0,23478.75,23308.25,23458.75,23478.75,706
B4_H4_OB_limit,-1,2024-12-17 22:00:00+00:00,2024-12-18 11:22:00+00:00,23784.75,23829.75,2024-12-18 14:34:00+00:00,target,136.0,135.5,45.0,3.011111111111111,3.022222222222222,3.4166666666666665,-0.10555555555555556,271.0,23831.0,23648.75,23784.75,23829.5,724
B4_H4_OB_limit,1,2024-12-26 11:00:00+00:00,2024-12-27 14:34:00+00:00,23209.75,23098.75,2024-12-27 15:00:00+00:00,stop,-111.0,-111.75,111.0,-1.0067567567567568,-1.0,0.2905405405405405,-1.1036036036036037,-223.5,23099.0,23543.75,23099.0,23209.75,753
B4_H4_OB_limit,-1,2024-12-30 22:00:00+00:00,2025-01-06 08:46:00+00:00,23039.5,23166.25,2025-01-06 11:30:00+00:00,stop,-126.75,-127.5,126.75,-1.0059171597633136,-1.0,0.03353057199211045,-1.0256410256410255,-255.0,23175.25,22685.5,23039.5,23166.0,771
B4_H4_OB_limit,1,2025-01-06 22:00:00+00:00,2025-01-07 15:09:00+00:00,22992.0,22907.25,2025-01-07 15:38:00+00:00,stop,-84.75,-85.5,84.75,-1.008849557522124,-1.0,0.9056047197640118,-1.1946902654867257,-171.0,22907.5,23329.75,22907.5,22992.0,794
B4_H4_OB_limit,-1,2025-01-10 22:00:00+00:00,2025-01-15 13:33:00+00:00,22666.25,22754.75,2025-01-15 13:48:00+00:00,stop,-88.5,-89.25,88.5,-1.0084745762711864,-1.0,0.14124293785310735,-1.07909604519774,-178.5,22805.25,22307.5,22666.25,22754.5,817
B4_H4_OB_limit,-1,2025-02-03 07:00:00+00:00,2025-02-05 17:00:00+00:00,23154.75,23303.5,2025-02-06 20:55:00+00:00,stop,-148.75,-149.5,148.75,-1.0050420168067227,-1.0,0.3411764705882353,-1.0756302521008403,-299.0,23398.5,22373.0,23154.75,23303.25,909
B4_H4_OB_limit,-1,2025-02-10 07:00:00+00:00,2025-02-10 14:01:00+00:00,23222.75,23400.75,2025-02-13 15:19:00+00:00,stop,-178.0,-178.75,178.0,-1.0042134831460674,-1.0,1.5730337078651686,-1.0603932584269662,-357.5,23400.5,22847.75,23222.75,23400.5,937
B4_H4_OB_limit,-1,2025-03-18 21:00:00+00:00,2025-03-19 18:32:00+00:00,21165.75,21261.75,2025-03-19 19:00:00+00:00,stop,-96.0,-96.75,96.0,-1.0078125,-1.0,0.4453125,-1.1276041666666667,-193.5,21261.5,20833.75,21165.75,21261.5,1097
B4_H4_OB_limit,1,2025-03-20 02:00:00+00:00,2025-03-20 10:19:00+00:00,21007.75,20949.5,2025-03-21 08:24:00+00:00,be,0.0,-0.75,58.25,-0.012875536480686695,0.0,5.532188841201717,-0.8283261802575107,-1.5,20888.25,21368.5,20949.75,21007.75,1103
B4_H4_OB_limit,1,2025-03-26 06:00:00+00:00,2025-03-26 13:53:00+00:00,21585.5,21553.0,2025-03-26 13:57:00+00:00,stop,-32.5,-33.25,32.5,-1.023076923076923,-1.0,0.8384615384615385,-1.646153846153846,-66.5,21517.0,21761.75,21553.25,21585.5,1127
B4_H4_OB_limit,-1,2025-04-07 06:00:00+00:00,2025-04-09 17:25:00+00:00,19686.25,19905.25,2025-04-09 17:27:00+00:00,stop,-219.0,-219.75,219.0,-1.0034246575342465,-1.0,0.4063926940639269,-1.476027397260274,-439.5,19905.0,17677.5,19686.25,19905.0,1175
B4_H4_OB_limit,-1,2025-04-22 02:00:00+00:00,2025-04-22 14:57:00+00:00,19571.0,19877.25,2025-04-22 22:00:00+00:00,stop,-306.25,-307.0,306.25,-1.0024489795918368,-1.0,0.4424489795918367,-1.2726530612244897,-614.0,19751.0,18925.0,19571.0,19877.0,1233
B4_H4_OB_limit,1,2025-05-05 02:00:00+00:00,2025-05-06 01:38:00+00:00,21184.5,21088.75,2025-05-06 08:17:00+00:00,stop,-95.75,-96.5,95.75,-1.0078328981723237,-1.0,0.34203655352480417,-1.052219321148825,-193.0,21089.0,21502.0,21089.0,21184.5,1289
B4_H4_OB_limit,-1,2025-05-22 02:00:00+00:00,2025-05-27 14:12:00+00:00,22587.5,22699.0,2025-05-27 17:57:00+00:00,stop,-111.5,-112.25,111.5,-1.006726457399103,-1.0,0.16591928251121077,-1.047085201793722,-224.5,22677.0,22296.75,22587.5,22698.75,1366
B4_H4_OB_limit,1,2025-05-29 06:00:00+00:00,2025-05-29 14:05:00+00:00,22709.75,22631.75,2025-05-29 14:11:00+00:00,stop,-78.0,-78.75,78.0,-1.0096153846153846,-1.0,0.035256410256410256,-1.1442307692307692,-157.5,22545.0,23058.25,22632.0,22709.75,1399
B4_H4_OB_limit,-1,2025-05-30 21:00:00+00:00,2025-06-01 22:11:00+00:00,22555.75,22637.75,2025-06-02 13:30:00+00:00,be,-0.0,-0.75,82.0,-0.009146341463414634,-0.0,2.0457317073170733,-0.21646341463414634,-1.5,22646.5,22296.5,22555.75,22637.5,1408
B4_H4_OB_limit,1,2025-07-15 18:00:00+00:00,2025-07-15 19:59:00+00:00,24059.75,24015.5,2025-07-15 20:16:00+00:00,stop,-44.25,-45.0,44.25,-1.0169491525423728,-1.0,0.4011299435028249,-1.0564971751412429,-90.0,23996.0,24222.5,24015.75,24059.75,1596
B4_H4_OB_limit,1,2025-07-31 14:00:00+00:00,2025-07-31 15:10:00+00:00,24526.25,24449.75,2025-07-31 17:28:00+00:00,stop,-76.5,-77.25,76.5,-1.0098039215686274,-1.0,1.1830065359477124,-1.1568627450980393,-154.5,24354.75,24847.75,24450.0,24526.25,1665
B4_H4_OB_limit,1,2025-08-13 18:00:00+00:00,2025-08-13 18:00:00+00:00,24938.75,24925.0,2025-08-13 18:28:00+00:00,stop,-42.5,-14.5,13.75,-1.0545454545454545,-3.090909090909091,1.1090909090909091,-1.0909090909090908,-29.0,24920.75,25068.75,24925.25,24967.5,1722
B4_H4_OB_limit,1,2025-08-13 06:00:00+00:00,2025-08-19 13:33:00+00:00,24676.5,24595.5,2025-08-19 14:41:00+00:00,stop,-81.0,-81.75,81.0,-1.0092592592592593,-1.0,0.6697530864197531,-1.0092592592592593,-163.5,24595.75,24967.5,24595.75,24676.5,1718
B4_H4_OB_limit,-1,2025-08-20 21:00:00+00:00,2025-08-21 01:57:00+00:00,24344.5,24439.5,2025-08-22 14:00:00+00:00,be,-0.0,-0.75,95.0,-0.007894736842105263,-0.0,2.8473684210526318,-1.2815789473684212,-1.5,24451.75,24035.0,24344.5,24439.25,1753
B4_H4_OB_limit,-1,2025-09-02 18:00:00+00:00,2025-09-02 20:10:00+00:00,24371.25,24507.0,2025-09-03 14:43:00+00:00,stop,-135.75,-136.5,135.75,-1.0055248618784531,-1.0,0.5285451197053407,-1.0607734806629834,-273.0,24510.75,24024.75,24371.25,24506.75,1805
B4_H4_OB_limit,1,2025-09-10 18:00:00+00:00,2025-09-10 18:19:00+00:00,24859.75,24799.75,2025-09-10 19:21:00+00:00,stop,-60.0,-60.75,60.0,-1.0125,-1.0,0.3333333333333333,-1.25,-121.5,24821.75,25040.75,24800.0,24859.75,1840
B4_H4_OB_limit,1,2025-09-16 14:00:00+00:00,2025-09-17 15:54:00+00:00,25159.0,25075.0,2025-09-17 18:15:00+00:00,stop,-84.0,-84.75,84.0,-1.0089285714285714,-1.0,1.4523809523809523,-1.2708333333333333,-169.5,25075.25,25403.5,25075.25,25159.0,1860
B4_H4_OB_limit,1,2025-09-22 02:00:00+00:00,2025-09-24 15:47:00+00:00,25493.25,25438.25,2025-09-24 15:58:00+00:00,stop,-55.0,-55.75,55.0,-1.0136363636363637,-1.0,0.2636363636363636,-1.018181818181818,-111.5,25411.5,25644.5,25438.5,25493.25,1885
B4_H4_OB_limit,-1,2025-09-25 18:00:00+00:00,2025-09-29 03:37:00+00:00,25574.0,25667.5,2025-09-29 13:43:00+00:00,stop,-93.5,-94.25,93.5,-1.0080213903743316,-1.0,0.07754010695187166,-1.053475935828877,-188.5,25597.5,25178.5,25574.0,25667.25,1908
B4_H4_OB_limit,-1,2025-09-24 21:00:00+00:00,2025-10-01 17:06:00+00:00,25734.0,25783.0,2025-10-01 18:39:00+00:00,stop,-49.0,-49.75,49.0,-1.0153061224489797,-1.0,0.2755102040816326,-1.0204081632653061,-99.5,25731.5,25384.5,25734.0,25782.75,1903
B4_H4_OB_limit,-1,2025-10-14 18:00:00+00:00,2025-10-14 18:00:00+00:00,25656.75,25801.25,2025-10-15 14:05:00+00:00,stop,-147.25,-145.25,144.5,-1.005190311418685,-1.019031141868512,1.4826989619377162,-1.0830449826989619,-290.5,25801.0,25179.75,25654.0,25801.0,1984
B4_H4_OB_limit,-1,2025-10-17 14:00:00+00:00,2025-10-17 14:13:00+00:00,25652.0,25882.25,2025-10-20 05:45:00+00:00,stop,-230.25,-231.0,230.25,-1.003257328990228,-1.0,0.9598262757871878,-1.0,-462.0,25628.25,25166.75,25652.0,25882.0,2003
B4_H4_OB_limit,-1,2025-10-22 21:00:00+00:00,2025-10-23 17:01:00+00:00,26000.25,26089.75,2025-10-24 04:22:00+00:00,stop,-89.5,-90.25,89.5,-1.0083798882681565,-1.0,0.6061452513966481,-1.0139664804469273,-180.5,26095.0,25561.75,26000.25,26089.5,2023
B4_H4_OB_limit,-1,2025-11-07 22:00:00+00:00,2025-11-09 23:00:00+00:00,26076.25,26098.5,2025-11-09 23:00:00+00:00,stop,-180.0,-23.0,22.25,-1.0337078651685394,-8.089887640449438,0.0,-3.1235955056179776,-46.0,26111.25,25465.5,25918.5,26098.25,2094
B4_H4_OB_limit,-1,2025-11-06 22:00:00+00:00,2025-11-10 14:44:00+00:00,26384.75,26534.0,2025-11-12 07:00:00+00:00,stop,-149.25,-150.0,149.25,-1.0050251256281406,-1.0,1.1792294807370185,-1.0100502512562815,-300.0,26580.25,25953.75,26384.75,26533.75,2088
B4_H4_OB_limit,-1,2025-11-21 07:00:00+00:00,2025-11-25 17:36:00+00:00,25804.0,26050.25,2025-11-26 16:05:00+00:00,stop,-246.25,-247.0,246.25,-1.0030456852791878,-1.0,0.4446700507614213,-1.017258883248731,-494.0,26066.5,24774.5,25804.0,26050.0,2149
B4_H4_OB_limit,-1,2025-12-29 22:00:00+00:00,2026-01-06 20:42:00+00:00,26361.75,26438.75,2026-01-07 15:53:00+00:00,stop,-77.0,-77.75,77.0,-1.0097402597402598,-1.0,1.3928571428571428,-1.0,-155.5,26438.5,26175.25,26361.75,26438.5,2297
B4_H4_OB_limit,-1,2026-01-14 22:00:00+00:00,2026-01-15 09:26:00+00:00,26330.75,26454.5,2026-01-15 14:22:00+00:00,stop,-123.75,-124.5,123.75,-1.006060606060606,-1.0,0.046464646464646465,-1.0161616161616163,-249.0,26454.25,25948.75,26330.75,26454.25,2364
B4_H4_OB_limit,-1,2026-01-19 18:00:00+00:00,2026-01-22 08:52:00+00:00,26231.75,26392.25,2026-01-26 15:17:00+00:00,stop,-160.5,-161.25,160.5,-1.0046728971962617,-1.0,1.898753894080997,-1.0046728971962617,-322.5,26293.0,25763.75,26231.75,26392.0,2380
B4_H4_OB_limit,-1,2026-02-06 07:00:00+00:00,2026-02-06 14:38:00+00:00,25443.0,25604.5,2026-02-06 17:31:00+00:00,stop,-161.5,-162.25,161.5,-1.0046439628482973,-1.0,1.0743034055727554,-1.0572755417956656,-324.5,25651.5,24768.0,25443.0,25604.25,2460
B4_H4_OB_limit,1,2026-02-26 03:00:00+00:00,2026-02-26 15:14:00+00:00,25599.25,25515.5,2026-02-26 15:18:00+00:00,stop,-83.75,-84.5,83.75,-1.008955223880597,-1.0,0.24776119402985075,-1.2686567164179106,-169.0,25519.75,26022.5,25515.75,25599.25,2543
B4_H4_OB_limit,1,2026-02-25 07:00:00+00:00,2026-02-26 15:28:00+00:00,25417.75,25350.0,2026-02-26 18:08:00+00:00,be,0.0,-0.75,67.75,-0.01107011070110701,0.0,2.8819188191881917,-0.41697416974169743,-1.5,25347.0,25645.5,25350.25,25417.75,2540
B4_H4_OB_limit,-1,2026-03-02 15:00:00+00:00,2026-03-02 15:01:00+00:00,25393.75,25564.5,2026-03-02 16:47:00+00:00,stop,-170.75,-171.5,170.75,-1.0043923865300146,-1.0,0.35871156661786235,-1.0058565153733527,-343.0,25564.25,25004.5,25393.75,25564.25,2559
B4_H4_OB_limit,-1,2026-03-09 10:00:00+00:00,2026-03-09 19:19:00+00:00,25320.25,25669.25,2026-03-10 08:08:00+00:00,stop,-349.0,-349.75,349.0,-1.0021489971346704,-1.0,0.3302292263610315,-1.007163323782235,-699.5,25490.5,24526.5,25320.25,25669.0,2588
B4_H4_OB_limit,1,2026-03-10 14:00:00+00:00,2026-03-12 20:11:00+00:00,25053.5,24840.5,2026-03-15 22:00:00+00:00,stop,-213.0,-239.0,213.0,-1.1220657276995305,-1.0,1.3098591549295775,-1.2018779342723005,-478.0,25136.25,25674.25,24840.75,25053.5,2596
B4_H4_OB_limit,-1,2026-03-19 18:00:00+00:00,2026-03-19 19:01:00+00:00,24874.0,24986.75,2026-03-19 19:06:00+00:00,stop,-112.75,-113.5,112.75,-1.0066518847006651,-1.0,0.23503325942350334,-1.0909090909090908,-227.0,25041.25,24640.25,24874.0,24986.5,2639
B4_H4_OB_limit,-1,2026-03-30 06:00:00+00:00,2026-04-01 05:25:00+00:00,24382.0,24549.5,2026-04-01 12:44:00+00:00,stop,-167.5,-168.25,167.5,-1.0044776119402985,-1.0,0.3716417910447761,-1.0686567164179104,-336.5,24340.5,23409.75,24382.0,24549.25,2674
B4_H4_OB_limit,-1,2026-03-27 02:00:00+00:00,2026-04-01 15:09:00+00:00,24603.25,24835.5,2026-04-02 05:47:00+00:00,target,525.25,524.75,232.25,2.2594187298170074,2.261571582346609,2.2658772874058126,-0.2658772874058127,1049.5,24835.25,24078.0,24603.25,24835.25,2667
B4_H4_OB_limit,-1,2026-04-13 06:00:00+00:00,2026-04-13 13:49:00+00:00,25556.25,25688.25,2026-04-13 16:28:00+00:00,stop,-132.0,-132.75,132.0,-1.0056818181818181,-1.0,0.2196969696969697,-1.018939393939394,-265.5,25709.5,25230.5,25556.25,25688.0,2736
B4_H4_OB_limit,1,2026-04-27 10:00:00+00:00,2026-04-28 11:38:00+00:00,27436.5,27331.0,2026-04-28 14:51:00+00:00,stop,-105.5,-106.25,105.5,-1.0071090047393365,-1.0,1.2345971563981042,-1.0213270142180095,-212.5,27471.75,27858.0,27331.25,27436.5,2796
B4_H4_OB_limit,-1,2026-04-28 21:00:00+00:00,2026-04-29 04:32:00+00:00,27623.25,27756.25,2026-04-29 22:15:00+00:00,stop,-133.0,-133.75,133.0,-1.005639097744361,-1.0,1.6409774436090225,-1.0657894736842106,-267.5,27828.5,27322.25,27623.25,27756.0,2804
B4_H4_OB_limit,1,2026-05-04 10:00:00+00:00,2026-05-04 10:08:00+00:00,27989.75,27861.0,2026-05-04 16:07:00+00:00,be,0.0,-0.75,128.75,-0.005825242718446602,0.0,2.0757281553398057,-0.1766990291262136,-1.5,28067.5,28282.5,27861.25,27989.75,2826
B4_H4_OB_limit,-1,2026-05-12 21:00:00+00:00,2026-05-13 01:51:00+00:00,29563.0,29796.75,2026-05-13 17:05:00+00:00,stop,-233.75,-234.5,233.75,-1.0032085561497326,-1.0,0.73475935828877,-1.041711229946524,-469.0,29772.5,29057.25,29563.0,29796.5,2864
B4_H4_OB_limit,-1,2026-05-26 06:00:00+00:00,2026-05-26 13:43:00+00:00,30252.0,30311.0,2026-05-26 13:58:00+00:00,stop,-59.0,-59.75,59.0,-1.0127118644067796,-1.0,0.4576271186440678,-1.0466101694915255,-119.5,30310.75,30086.5,30252.0,30310.75,2921
B4_H4_OB_limit,-1,2026-06-09 21:00:00+00:00,2026-06-11 18:50:00+00:00,29618.5,30013.0,2026-06-12 15:14:00+00:00,stop,-394.5,-395.25,394.5,-1.0019011406844107,-1.0,0.18567807351077312,-1.017743979721166,-790.5,30163.0,28543.25,29618.5,30012.75,2985
B4_H4_OB_limit,-1,2026-06-08 02:00:00+00:00,2026-06-15 00:13:00+00:00,30468.25,30880.0,2026-06-15 15:49:00+00:00,stop,-411.75,-412.5,411.75,-1.0018214936247722,-1.0,0.06557377049180328,-1.03157255616272,-825.0,30739.0,29094.5,30468.25,30879.75,2972
B4_H4_OB_limit,1,2026-06-15 21:00:00+00:00,2026-06-17 19:39:00+00:00,29975.75,29547.0,2026-06-22 13:58:00+00:00,target,952.5,952.0,428.75,2.220408163265306,2.2215743440233235,2.229737609329446,-0.12536443148688048,1904.0,29652.25,30928.25,29547.25,29975.75,3005
B4_H4_OB_limit,-1,2026-06-25 18:00:00+00:00,2026-06-29 16:52:00+00:00,29924.0,30218.0,2026-06-30 13:35:00+00:00,stop,-294.0,-294.75,294.0,-1.0025510204081634,-1.0,0.0824829931972789,-1.1122448979591837,-589.5,30264.25,29296.5,29924.0,30217.75,3055
B4_H4_OB_limit,-1,2026-06-23 18:00:00+00:00,2026-06-30 16:46:00+00:00,30524.0,30938.0,2026-06-30 23:59:00+00:00,max_hold,-9.0,-9.75,414.0,-0.02355072463768116,-0.021739130434782608,0.09601449275362318,-0.18357487922705315,-19.5,30967.75,29616.5,30524.0,30937.75,3040
