pool,block,ret,prior_sells_5m,sells_after_entry_60m,swaps_near_exit
0xe741cb4b3b7b1c6870fd1d0937a937253964d51ef847886f2543ff5af6899d10,58228796,0.11531536100830722,165,714,190
0xe741cb4b3b7b1c6870fd1d0937a937253964d51ef847886f2543ff5af6899d10,58223773,-0.15021156981604947,281,996,281
0xe4fcea2c4b8fdbd2adf3317b8253b6967ff9e542bfba310642ea81a8b09ce5e6,58211997,-0.07438150514133252,3,61,15
0xac372bf0788c21a9f5dbaf633acb4e8cb8dbc7191f48b6163e2766577c08351b,69881830,0.4568413871960633,1,0,0
0xac372bf0788c21a9f5dbaf633acb4e8cb8dbc7191f48b6163e2766577c08351b,69881342,0.8291406627904282,1,0,0
0xac372bf0788c21a9f5dbaf633acb4e8cb8dbc7191f48b6163e2766577c08351b,69880736,0.8443424497604396,0,1,0
0x9ad47e7843a1cc7ca08414a91cf1ab7b6076f4c123daf0b4a690f7d6eaaa0639,69869698,-0.8874293144860013,1446,1451,52
0xf49ee5b66c4e7163026e5d25e6a1f93cff46dca4d3752f712d181d9392c1d567,58182381,-0.33213768908480773,4,61,16
0x41e275088fc39441c00d4b26d733f3a9c27083762bc372d83ccbac8f4c466f12,69850098,-0.905704655115738,204,1260,268
0xd1c2f6cb178a165a643deae8752098dea08d51b6170cd8e36e196ef03dc74751,58166444,-0.009655172978936822,4,38,9
0x9dbc6b9fc114a17529e8cc9148819766ccff71f7f45aced36f0a8beeeaacc1af,58156346,0.3450028397031612,17,231,72
0x805f3e3b1509c76476f44c413b9482aaae9ca244a1a9596b6b391f09d13f3537,58155917,1.065206470357359,5,461,392
0xe704d24789585128227d770d00672b022d4e2d77f07bc793e3db6f2317318bd1,69768083,0.1643285554042206,62,173,26
0x40a433930370f6cdf0a78debc2c6dd599c23bd428c0d67dd8b5373e4f101557f,69745094,0.02730559303924333,59,379,89
0xbbb566342b58761dfae5a3a8f179be0fca55ec06e44d6404927f4279712af768,58136631,-0.5322612523956909,59,611,71
0x6e54bcd09e42e8e72b626c674cdc82950bf301ac06a7af11bc532a1091350b4b,69684742,-0.3756518383733922,54,531,170
0x0fee9ef9302e9c300ef82c43d7fe29bc77f978453da69056764d282b96dbafa3,58124574,1.4640311868813425,9,8,0
0x0fee9ef9302e9c300ef82c43d7fe29bc77f978453da69056764d282b96dbafa3,58120843,8.274432460762478,7,18,0
0x25e53c08633b9474f3491e4c6abeb6fa6210f8d5c122931679aa498aeab0ed09,58115648,0.15514955760314156,587,2631,450
0x9dbc6b9fc114a17529e8cc9148819766ccff71f7f45aced36f0a8beeeaacc1af,58096125,-0.3865263637511352,120,704,211
0x6668ef1301dd97ddc0dc1904c013297fec12bd6b5af4bda1b459f8ce9f61bad6,69649720,2.741074590858959,0,0,0
0x9dbc6b9fc114a17529e8cc9148819766ccff71f7f45aced36f0a8beeeaacc1af,58088977,-0.06255935370027514,91,922,264
0xa06116d5b8288f43f21364df1fa58377ed95e491eb48e4cfaea99ab0a0e3d460,58086041,-0.021663382543755053,1,24,14
0xc3cc877a8a7d28efdb5dbec9ae71724652431e6411aa1a9fc8928028da554aa1,58080271,-0.06117887921212018,11,31,13
0x9468c4b12dc6303db5f8b182ab67139a59cea19fc10b5d98ffdbb0325ba0c844,58054850,-0.829105373126512,161,1146,368
0x3675c72d8d232ed2195ab256764573ffa962befaa345642c9c4515c43060fb1b,69558690,4.994391878455286,2,8,0
0x05c53aa8db4ac905381ba999d92a40a13fc0bc93b5d0a287ca16dc107bd8d11b,58044307,0.07106313117898021,2,61,21
0x3f127bf0ad69238b4b29d39a61ec70841061a02c49c71268e6213524eb2dc72f,58005757,-0.9855584456790336,773,1770,13
0x9dbc6b9fc114a17529e8cc9148819766ccff71f7f45aced36f0a8beeeaacc1af,57994967,-0.14373955166173352,53,342,73
0x7aebd80541bfaaf23dbb6e99ce13d4d31c1a84c91414f971eadbff7db5f85995,69464800,0.013734656697440482,11,138,90
0x0c007261bc76ce98f128696b03f8131254dc632bb661e1d7dcf2c12ebd761919,57990435,-0.5140816897514245,8,43,2
0x4ba79b0505313863803bf5a66b9b7697b555c6ae234554f289fb76681a589c35,57989559,-0.6211361139658376,6,117,11
0x606a962c65020f9e09622bc3fda2720be64e5602c6eeb34e5d202588391de387,69446045,-0.3286253768552531,42,409,140
0x3c13c005dff4f9fe94991221c53250f35f83c46e43f4e713c67e32f268a60342,57980674,-0.468366755317392,199,654,272
0x40a433930370f6cdf0a78debc2c6dd599c23bd428c0d67dd8b5373e4f101557f,69430184,0.02162359454742052,16,159,23
0x295c0502c35afd9158a87ccb1054490322673468fe6f6342aebc4ae558513423,57963403,-0.18714969946132537,2,18,13
0xa1771923045e0dade6578f8c99de248d5a6029b97fb928328f9e767674e7663a,57941939,-0.043080657660472,3,15,3
0x0bad7514d5b5f9d0fa7a1abbc02c3eb45c2e751926235ef4b05e41c33c562ad9,57940274,-0.9224122420363949,709,2445,157
0x7dd5dea2c17e04745e885c0bc85f4b2dd7308cb781c05bf3f453c7dd21a21c7d,57934412,-0.6619201792569428,205,4502,744
0x231764ab2a3150a9b9c21c294cfe3269d7ff6933d7bbe4fc56ede6d246cb2bda,57934033,-0.1205733092004878,12,98,37
0x72d77c0758ce56702b98ac8cadd67be10171ffaf5de8ad5cb77803ce290ac448,69338112,-0.8108966653113321,1037,1885,210
0x945128e681ad911cd70b892529728e7263c0f6547a201630b02edc90ba146c86,57903974,0.7728701257354198,295,1144,341
0x945128e681ad911cd70b892529728e7263c0f6547a201630b02edc90ba146c86,57901290,-0.34575391340161543,288,1383,326
0x7aebd80541bfaaf23dbb6e99ce13d4d31c1a84c91414f971eadbff7db5f85995,69325377,-0.002574241702826316,40,233,114
0x7aebd80541bfaaf23dbb6e99ce13d4d31c1a84c91414f971eadbff7db5f85995,69313604,-0.0417262348100201,23,227,52
0x78c5655cf64d5dcc13d3db21d0d72b460b4b360251618efcd21ab32a14c5fab4,57875915,0.12151054443876588,15,114,18
0xcb6cd3b4b7286535e729cb476885125cb035d13f683771c49ef97f8b36c817c1,57874350,0.5988713926649095,1170,4010,500
0x935c1401e40a4eeec0e722f1841cc4be9d7a523cf90cdc52900f9e343304f0fe,57832486,-0.22931191297599635,82,381,144
0x7aebd80541bfaaf23dbb6e99ce13d4d31c1a84c91414f971eadbff7db5f85995,69243272,0.006942060468400837,5,125,45
0x51958cce8f6eee392b53c22005325e94ad605c24ed46f5d6fb225a69f8f9bd36,69240839,-0.0387821115161377,9,126,29
0x82447ce5c6705eaaf73679033338c77313ef72b404349cc82b6d4b8770c3a849,57806333,-0.7684550569595348,331,242,47
0xb30f0786b77b0354476dd0e512bb14e3830ea13f7beda3d7397f3ca7afde23df,69224698,-0.979422147906138,918,3877,184
0x24c65014991e23383da21f9081f99c6e4bc128bbd4075c1b7d67a7e44efa4f2e,57786996,0.023134023507422694,8,142,73
0xf49ee5b66c4e7163026e5d25e6a1f93cff46dca4d3752f712d181d9392c1d567,69200560,0.21920076062518382,11,504,81
0xec46ac4631846e16574f01d4c9b4871514496a751f5c401e2316d80f74994d69,57744135,-1.0008,1,2,0
0xec46ac4631846e16574f01d4c9b4871514496a751f5c401e2316d80f74994d69,57742971,-1.0008,0,3,0
0x488776ea5ed245b14f601f753d11e4073938b4a5de7c58718aed43f549be19dd,69086988,-0.06840737774276208,39,422,87
0x6d56f66e52e63e8be558d708a987426314bb4de92bc9b43a44effee1f2abf317,69082725,0.07918443458735279,0,57,19
0x40a433930370f6cdf0a78debc2c6dd599c23bd428c0d67dd8b5373e4f101557f,69066095,0.09556139795295754,21,295,182
0x6f0e1919cb58a4b617e28e9be011c2fe4cb499663e89a4bb5ef7e9e487438383,57698433,0.05060948455637545,0,28,6
0xc0f94756060056c343d228f216097b29398a67ed7da520c43427d5b803f5b8af,69039234,-0.118034635860931,133,1247,150
0x69f4784fe7661efaee0ea21b069ed7d4eff2f4dbdf5f53b207df887de35cae8e,57689823,-0.4619167034995582,75,234,27
0x488776ea5ed245b14f601f753d11e4073938b4a5de7c58718aed43f549be19dd,69022737,-0.04017073708064951,261,1720,502
0x935c1401e40a4eeec0e722f1841cc4be9d7a523cf90cdc52900f9e343304f0fe,57671147,-0.16126678172952888,79,802,71
0x19c05832614264bf7d8c38507bef70f7fa4d372300138f152fa27a2e964530e3,57670387,-0.06989977730795333,2,16,6
0x05c53aa8db4ac905381ba999d92a40a13fc0bc93b5d0a287ca16dc107bd8d11b,57665669,-0.021675552331074575,7,92,28
0x3d5e251bdb1d22c12f83133960b069a5f07f0cf55a3e879be17d83aee75b73c4,68985307,-0.1882926206223355,0,1,0
0x4e22325d9428b66fc44f41e039cfcfa8427f66874c3d08c2ac339fe1fec403f8,68974628,0.3026758075901259,5,79,40
0x67918d4fde9ed1c6db9fb681bba6d5cac1e6b8090deae50e952ad1dc030b85a4,68952024,0.5592464104332054,0,1,0
0x935c1401e40a4eeec0e722f1841cc4be9d7a523cf90cdc52900f9e343304f0fe,57624552,0.28132086645617616,16,524,84
0x220e47dde1a5180cb131d4c720abf66d5c36fbdf3af91522f7b1c7f749770d8f,57620979,0.1344849456781496,1,24,24
0xcd8c6b003b5b09f7c8479a173a3514d9de6dcf789c0a74f5bdc6a59c4eea2483,57615306,-0.1422905903202747,1,5,0
0xa9d42767e4cd351c2e4507d229d649657892584c96b5082cd6206cb1eb5840d4,68938522,-0.04112658071499441,0,0,0
0x99c8f9fb1f73ccd0977fd39ff3508c387223b3be27aa984c09dd06c2f4674e4e,68936386,0.07441224158317841,9,316,101
0xa90245212f7ecbb03b774b251a7463ac5c4689ca9113eeda14a4bbd5c21a9107,68935371,-0.013282007321360926,0,5,0
0xe704d24789585128227d770d00672b022d4e2d77f07bc793e3db6f2317318bd1,68928745,-0.8213281826534929,0,1849,158
0x05c53aa8db4ac905381ba999d92a40a13fc0bc93b5d0a287ca16dc107bd8d11b,57556326,0.025033674031709505,15,131,38
0xc9bdd2313f6554a01d6144ff199575c76ef6919c1cdf6136f769bc813631a497,68815376,-0.5288943276518737,18,194,47
0x805f3e3b1509c76476f44c413b9482aaae9ca244a1a9596b6b391f09d13f3537,57524228,-0.03091730595503673,5,85,21
0x468d90c42d75ef715020f13637ad1d665bc2681a3c2a759d85517d48535a89cc,68764188,-0.11137399218816135,59,435,114
0x468d90c42d75ef715020f13637ad1d665bc2681a3c2a759d85517d48535a89cc,68708900,-0.3651808086594353,230,1456,423
0x3206ce1c4d3f9fa25cfab95de7e743f61912fcb03efa6b3bff02cc577dcda22b,57480326,-0.12219103440961299,5,38,21
0xd75029e675415a3a8ff951e0eec5be6ae853a9247d962b7eb93d2d58cb8b0d90,68682650,-0.2398800499463387,12,189,43
0x2573d05762729f5449b9730c0d810c685525b7fdee45f6e7702af32ad5e5d664,57445103,-0.16716480426234495,0,44,6
0x468d90c42d75ef715020f13637ad1d665bc2681a3c2a759d85517d48535a89cc,68635806,-0.36873316620681695,129,797,307
0xb7d658df4421510b1a190b1c64e85bd8080dee418bc2a822809bedb64313bfe9,57435985,-0.03899590019717668,36,31,9
0x220e47dde1a5180cb131d4c720abf66d5c36fbdf3af91522f7b1c7f749770d8f,57417701,0.3662192465183131,16,120,32
0x87dae7e98d2719305489e1ce2a46d3b18056f09685493febc6be548ace983b79,57404259,7.709922567580669,0,8,0
0xae84f96b1b680b3a17ccd9384a608143c8f521def8649e1c9c0f2d6336efb5ba,68561809,0.2906395209669483,38,277,18
0x6d6e25a50843dad7cd400f43ea3f4ab52d1c0d4871e9adf6d4cae58645f31d07,57402676,-0.026462331854881813,0,14,4
0x6d6e25a50843dad7cd400f43ea3f4ab52d1c0d4871e9adf6d4cae58645f31d07,68543117,-0.011604540452278388,0,8,0
0x324c98e2dea1ef9d828c4391f040cfdbd7025403bbb3ebbc4c3f2fea51a6259c,57383672,-0.5915501231821668,59,523,238
0x6d56f66e52e63e8be558d708a987426314bb4de92bc9b43a44effee1f2abf317,68520566,0.028099144004960136,6,53,40
0x852edd183a37a5542518d8770bbd7b117b559aa798c02b8f7641ed529405c542,57355797,-0.7835300101764271,68,42,1
0xd42931066213879588d1d1176d8b3d5f2ecbb4e60b4d6a5731865f299cd82148,57332918,-0.9624678766110786,388,4490,73
0xe09b664c2c00e55ec97aefd141c2c36891de95fc5b7dc34dad37642fe7f6bbbe,68459826,0.20151923319353585,1366,4231,1009
0xe09b664c2c00e55ec97aefd141c2c36891de95fc5b7dc34dad37642fe7f6bbbe,68459157,0.1307548499269321,1732,4464,1153
0x0173154b990c8905fa54766436ead0debfd7d2ea93c17d312dd5b03821ba4a77,68454249,-0.3831879678276103,82,236,23
0x709bbc02697360d9eaaa98ba047478baee1e567f92b6ce40fa674e3a389cfc7c,57308652,0.08862715932705414,3,521,74
0x6538e2c223ed70228114983afecbe5e69fe627e2fafdf367bdd6bdeff2ad391f,57301540,-0.006100606844556341,2,69,13
0xff0aa5f0acd38204bcf7113cc8027b7269b34c675248129fff74371d7d2197b9,57293181,2.8002807728037165,2086,10114,3453
0xea9f200e13055b82f175f44f592c4c13dd8c9d9320a66487d3c5cd90d68550ef,68402429,0.007777032750739818,26,402,194
0x2d0ac59a0ddefc64634d972ec512649e3b01e1fd08afa08018739f3993dc25b3,57268380,0.6890533486480781,640,301,16
0x4e22325d9428b66fc44f41e039cfcfa8427f66874c3d08c2ac339fe1fec403f8,68359701,-0.11949912410635549,22,186,43
0xb0f7aefef22c500f2f4d006f4a955e576305ffd42e66b071115991f63562f3fc,57246112,0.4974440742679257,26,1178,272
0xb0f7aefef22c500f2f4d006f4a955e576305ffd42e66b071115991f63562f3fc,57246112,0.4974440742679257,26,1178,272
0xdba909ac1600a59685928cf317fb953d518d405b4748371889e3cb2932adf4c2,68279730,0.06547087625662444,5,34,6
0x4e22325d9428b66fc44f41e039cfcfa8427f66874c3d08c2ac339fe1fec403f8,68278023,-0.35141377948304175,39,641,130
0x592fa67f547473c889e86f7d3d9f4092b3fec622d1c0fed6953d65780b512390,57241561,-0.8262799225557328,840,3078,201
0x85bd977c6d1d21626ba608edebd3e027bb39251eb8d554a607e085816466cf32,68238454,0.6360646417735056,0,0,0
0x85bd977c6d1d21626ba608edebd3e027bb39251eb8d554a607e085816466cf32,68235915,1.5573409718187388,0,0,0
0xcfa7bb34e23a7022c3de3e1618e1ff29cde8f16a76c341eca19d16f928968a3d,57220849,-0.07614836804463827,11,95,36
0x4b7c86491df95f366b31217b2950d2c5136a2f19b6879613eac73d0e69092a1a,57197136,0.1205402057469482,59,641,157
0x59a626b46f61a117f13a4f3d31264dc9afcafff4c95c3e79d094f07cc050a3f0,57190237,-0.17943737356741912,518,658,156
0x59a626b46f61a117f13a4f3d31264dc9afcafff4c95c3e79d094f07cc050a3f0,57186044,0.331944992487243,222,1265,232
0x805f3e3b1509c76476f44c413b9482aaae9ca244a1a9596b6b391f09d13f3537,57176913,-0.29177334800591387,189,496,176
0xa3ece3d2604a96f093b82410aa4be33c32baa5e2eeb34d3f37f573576516a423,57173474,0.4946909861951939,1,0,0
0xa0536dd8fc14174ee9f1e232287bc9de0a991bd34d2345fe848610f020d4d222,57162501,-0.22444903390435259,1027,3626,462
0x28b47727edf690e1384adcf1f0a7ae7752768f9dbf4e857a6c9111205877a638,57160054,-0.8118046959524264,1014,4761,715
0x56d39d06618fadbdfbb699015933d0f5b8c26ca717c215a2a30c5d29a8d56db6,57145019,-0.7897522755146377,3,73,0
0x766f19cd8de71577e4b8e30ce6f9b000f72338e86813316150261a4bc5286518,57132435,0.20233702690099967,686,2376,745
0x444951a2f8a271ca2b381c8dd4ff564deba485e6e8520624fc97d8e2c0399154,57124799,0.01280244073820479,1,13,0
0xf2cc4d7e2aa462ff636e9f26ad10afa5fb912c4fcc4f4500729c9d3b05c1a61b,68112599,-0.7593923612562573,206,1248,361
0x935c1401e40a4eeec0e722f1841cc4be9d7a523cf90cdc52900f9e343304f0fe,57108499,0.39432646886893113,38,946,367
0x0173154b990c8905fa54766436ead0debfd7d2ea93c17d312dd5b03821ba4a77,57093050,-0.2113857869084939,43,239,94
0x9b28ddbc65fba5f49ed7460778e1356f35c67e98db84fd336a641fef02cde302,57088090,9.23416703177294,16,16,23
0xfec7b1efe77aa60887986db5bcbfff39ca40b56d964bb8ce3d9dd0d9baaca4d4,57081209,-0.004032472637536261,27,175,30
0x0bedd47ea96a2382161b20a3572aaf07cc18a2132c0a1bfe12aad528aa2b2040,68042866,1.2924402868009177,1,61,14
0xd6252b178ccbae55aba3d505346265874be51bfa05e0597834484fff5410701e,57078235,-0.45830275299464385,157,450,129
0x1fb9a45079b017a6661016ba7dea29e1c4864b0874c21f63e137a52e71c3395b,57076620,-0.15369219200235892,8,29,13
0xc3cc877a8a7d28efdb5dbec9ae71724652431e6411aa1a9fc8928028da554aa1,68034004,-0.07249245458601324,4,8,4
0xc3cc877a8a7d28efdb5dbec9ae71724652431e6411aa1a9fc8928028da554aa1,68033899,-0.08381859004780261,3,9,4
0x935c1401e40a4eeec0e722f1841cc4be9d7a523cf90cdc52900f9e343304f0fe,57072615,-0.060082557113671595,94,570,221
0xd88b58ab03afeaa29457fc8eeaefa28feef614646b2df59bd2236f92bf0b0b2f,57066906,0.516619210687026,15,9,0
0xe91a25e557ca875b25ef69d65cd7bf80ca6b9d1628f826bb10c9a2f4a42b122b,57057948,0.4196563500828408,530,6843,1420
0x16cc8dd5f0d550762eaed050e4c43136cf4dca5df123ce33e5079ea30c1e4bba,57054502,1.1893962022265274,21,48,0
0x3ee310def54e441753351d5d57981ee150f2509fe98eea7728a52afc0e64ff1b,68002490,0.6945986202614274,0,0,0
0x093af755db0f7b0570da44c61a5a8915d39f8ab0dd3b7e7ce0771980a9639142,57045888,-0.03345330399040056,13,52,11
0x056b42e26a9ffa9d09684ab2ed95f60a113d152881ac5b0c65e71205658a7ab9,57044445,0.08626024653916461,3,14,6
0x3ee310def54e441753351d5d57981ee150f2509fe98eea7728a52afc0e64ff1b,67998456,2.406634016655707,0,0,0
0x7aebd80541bfaaf23dbb6e99ce13d4d31c1a84c91414f971eadbff7db5f85995,57043183,-0.07839953233820113,38,346,118
0x229da7b0c376132113a48878fe680519265e9e93c45a17ae1569047c2dc4bd26,67973526,0.04912297353027448,165,618,128
0xc39187cec78a076c41a4085598b4cc05be2ed9b04a3443167471fa0fc4984188,57001034,-0.10318472615239936,4,61,14
0xc749412e31087a6e6f9210af575bc9100159fbc9f45da3ca8b26b31f3bf5777e,67923766,-0.12705883225852602,8,281,96
0xa06116d5b8288f43f21364df1fa58377ed95e491eb48e4cfaea99ab0a0e3d460,56978392,0.1835214953956342,8,609,29
0x7aebd80541bfaaf23dbb6e99ce13d4d31c1a84c91414f971eadbff7db5f85995,56970999,0.03775896783065532,87,587,153
0x842003bbd67a24b37b608251b39a6ead1033f3875ab072c14b1e2f270471963e,67836870,0.7147655145508783,0,0,0
0xad22bc6aeeb6aab7788c3dbed8385810a0ba30c7b7b558ce473e63420ae1d52d,67806470,-0.3752173522274935,0,4,0
0xf41d4ca5121df2ea427d75c25743137e47158fc3df5f5e4bd1fb3882cdea8e73,56949010,-0.10759896239699213,197,1113,292
0x4b7c86491df95f366b31217b2950d2c5136a2f19b6879613eac73d0e69092a1a,56937795,0.09347306603514807,38,361,209
0xa912356ecd36bdc3a3c45a5f670c8a4b3572cb724f449ff6bd6edab102885e76,56918243,-0.9334663960252346,784,861,30
0x0336f4acbef67de974ca823328a39db44a6e29e6a6664c6b42d37f2b7889de2f,67657752,-0.136778665005013,6,69,12
0xf1ad4979a558dc249bacb0dac14f7150f3f62268a18ce63bbd9c9b84390b0605,56886563,0.059921325390393076,21,137,39
0x8554e9595fd035712e460a82688644477107a057e315d68b11b21ea39d64915a,67580205,-0.18276053785597543,1,12,5
0xa03e450a11c2f8f8a67243454e42ec216c9f3d1117ab879fbfb3d888a947951e,56877924,0.02773732785234638,4,31,6
0x95338de905beb044cfdc0da12efa814f2085cbb3135ad30784d7bc51e108fca6,67530946,0.12036671686148812,108,837,328
0x52a261a40fd3cbeab71e903d8aa9eac1c11d75aff4bcf0551573e09d5f7e720e,67520410,-0.03490061850401837,587,1596,294
0xca5b02d555691b4a0138377bce8e7028ece1dbc0c5860296094d229548729f35,56869622,1.0407408750606773,246,4356,840
0xa8dfac88d189bb89b912373f26ec3fae189fcb3402e2c00a1cf3be592b760a35,56869535,-0.3523057219157844,16,172,28
0x688fbcfbaf9f87d2e2436de5fe0f4fa50f3ac4853becf4aea70069bc26b597e6,56868510,-0.4700631598593491,512,1200,237
0x229da7b0c376132113a48878fe680519265e9e93c45a17ae1569047c2dc4bd26,67489307,0.017856553510322396,27,1201,1479
0x6d56f66e52e63e8be558d708a987426314bb4de92bc9b43a44effee1f2abf317,56849343,-0.004613918819516175,10,129,37
0x7e271c400427ecb727f5fbb27dec69254bce7c4219e95e3535d0ed128f79648a,67440429,-0.014590263810769943,1,84,21
0xdf23c1af74e71446cd554c3777f26bc0e485422e7615a865b6ee52160c584b80,56778406,-0.08247867645890362,3,116,12
0x25c0dad350613a02f2c0843f02dd15c30c45e20417909bef8a6311d54dc4d43a,67398369,0.004095070105122272,3,29,12
0x45ab00a01b879a416cdd7549cb11bbec86699e0fc5c1e6285c5f329d5a75e382,56777850,-0.28909399078960785,71,227,90
0xdd158ff364fa4105b1262ca2814a67b95be2f469f61c04fc27a47da26634a4ba,67397806,0.10230629738299576,1,1,0
0x8af2af98d13aeb778f5d0ffea7aea93be568d04201262b803c305f9b4f256eba,56769889,0.22159481247900947,4,47,10
0xdd158ff364fa4105b1262ca2814a67b95be2f469f61c04fc27a47da26634a4ba,67396016,0.4067449993566276,0,2,0
0x444951a2f8a271ca2b381c8dd4ff564deba485e6e8520624fc97d8e2c0399154,56760859,0.16517767323041307,0,24,12
0x5846268ea3de08b15b5ef1d0092eee66a8b5843902ab79b5f2d9eea1bf1d0468,67379168,0.12305906965178401,7,84,21
0xff7b3bd2db34d9ed8160e6dedf1d448777abaa1fa6fc8a31144930a1a656fd92,67360674,0.2255656086762662,58,630,172
0x38973f382a711a0ec853703bb6f667d8e37f7520fa7e295ee7a2b914d7aea025,67356185,-0.17517152070394076,3,19,3
0x38973f382a711a0ec853703bb6f667d8e37f7520fa7e295ee7a2b914d7aea025,67327137,-0.04518371138749516,0,16,3
0x229da7b0c376132113a48878fe680519265e9e93c45a17ae1569047c2dc4bd26,67290445,0.07282864718390619,233,707,270
0x2c3b630c4aec9b8d63f2cd0a4ce9f4b26a2c33742ebe78a6fb918974f06d165a,67281772,-0.02345275338965944,81,2,0
0x99804149050af71cbf662a543825ecd93dbd4aa4b89e53033bf769b95e079ce2,56694506,-0.019666188835959292,20,69,30
0xcab10d1a11cc19a21175fe459622c6020e33d568efa7ec693d41a85b49115bba,56687298,0.10270610286886354,0,0,0
0x2c3b630c4aec9b8d63f2cd0a4ce9f4b26a2c33742ebe78a6fb918974f06d165a,67271128,2.3950890955618824,68,325,0
0x43fea2e267164122909aa6336cd89142df28027aba8ed0c81d414a4e953e86e8,67242872,-0.18291489744358927,31,529,101
0x48382e9429c8097c8d4fb0de5aba8b43baee3ff8d8a4ec4d84e171c43484062f,56648904,-0.45069812168230877,159,1851,435
0xc39187cec78a076c41a4085598b4cc05be2ed9b04a3443167471fa0fc4984188,56633487,-0.08310028574822495,3,70,25
0x3feac7b87597b5a5149052abd9571650f75b8e3a02626fd19d8ee916a0dc7ca0,67194185,-0.2496093064943938,16,160,43
0xcd8042b77d2e86a2204b5fb842fb885a5277ad8756de2a4db97a3d0e73963b84,67193717,-0.5323099739041618,157,519,216
0xcd8042b77d2e86a2204b5fb842fb885a5277ad8756de2a4db97a3d0e73963b84,67180078,-0.5358132614107162,247,1036,325
0x99804149050af71cbf662a543825ecd93dbd4aa4b89e53033bf769b95e079ce2,56632099,0.06472493619961933,2,242,55
0x75cb93baaaa87c22b58d4e3496d88a49bdc8c084e97309a388714949fda0d267,56617089,0.021633679633666542,2,45,4
0x55ad71524ac7e3236384835c5c1a1412b081450429f16e817c5c339c4c6b15ab,67136997,0.14444829079983668,13,127,33
0xb3afa4acad527eca0332d07366222eb237b3b1aa71f2f10e0cfbd93dff6a339f,67135080,0.032688832329568596,5,122,30
0x371659127ab80de9deb674b4d08b44da03d092e8bdaa6aee9717cb4f7d1ed190,67012299,-0.14088664949315233,8,187,57
0x58269d3b9947ce19a6d17ad676ead1900edb920251a53c1dc707df03f276c7b4,67006801,0.027129757699221907,2,28,4
0xe2b1ae7e266059e076d59b2d856ed89eb55827edacc555e94999ceef8c024b26,66992641,-0.22188251133270268,70,332,123
0xcde4b40c6e4b50a875a0dc4c87294d698bc080d668e280eb1e19a8468d931bac,56555815,0.09147154835769944,1031,6244,1244
0x54a1731018d4494793bd6d0ea0bdfd5f7fae46e0c7d4fecca5dc904b6f434c90,66905082,0.23213892173197012,42,486,201
0x33fa27ab61b33f08c25e0ac304bcfe471e734c9b327f9221183088309a5c8dfd,56544210,-0.955256735809815,4,0,1
0xb5e295b74bb6511366e7e364c8d378e9512eee964daf6fcb5ae6c175457b6d6f,66898948,-0.31459464050026353,9,108,35
0x33fa27ab61b33f08c25e0ac304bcfe471e734c9b327f9221183088309a5c8dfd,56535089,-0.9542328468889942,3,15,4
0xa5940c928fb50bb03617b2bd7dae22da22d49bec181cbb23304401eadf3ffc1a,56528339,-0.3446765498264014,2,87,12
0x1e18643451f7fdaf27e4ac3c186e735d2a9d690e7fe35c9b888ebf1eed2d5107,66861055,0.17502859178927355,0,0,0
0x6bd71bf017b86c93d7541163b1d94636eb9af4e088570723610a3dffe957a450,56494996,-0.03523610394576217,462,1705,276
0x52a261a40fd3cbeab71e903d8aa9eac1c11d75aff4bcf0551573e09d5f7e720e,66829827,-0.8284949065497443,2486,23406,6483
0x7aebd80541bfaaf23dbb6e99ce13d4d31c1a84c91414f971eadbff7db5f85995,56492833,-0.023605708983235833,75,494,72
0x7b8309f0b4074dd8158358e531bc921bd1af30344dac9c37dd8f667c189cb15a,56481168,0.01682209717042185,5,0,0
0x7fb39eb653999feb9f0d3b1410848911383dfc681f3585229df4aa5b560bf0ba,56468202,-0.004159035614338041,10,100,23
0x6ae1a68ff0077d245fc843ca1403289198e06c42caa4e25fe9054f38006ecbba,56464869,-0.5076254115057418,14,130,28
0x159fdcd49eb8cc02caf78b260fbf80c2627e50ecb5d49c468020d4f8fbd1062d,66782975,-0.3014989219354747,64,460,126
0x996f17fac906c9ceaf57beb1aec9a935a26560cbd035da9e34013e9b6153d95a,56462385,-0.032051148384975976,17,256,77
0xa8be680ba766b363d09846117f744cbc115244f0abf723b8d80243dd728a2d11,66763584,-0.02292252039714383,3,25,9
0x76936e190ac32ca6e6801c0f03b59b52fa76701a4621abac91fcfb7dcdfb7d3d,66752485,-0.23794351680641848,114,562,69
0x90b75d6e9ac1e7efc3154c89e155121f7d7c0e54ebbd3dbba379650deb64d41e,66679817,0.2538121329500261,180,1071,166
0x996f17fac906c9ceaf57beb1aec9a935a26560cbd035da9e34013e9b6153d95a,56421093,-0.6746716523617702,183,651,361
0x99c8f9fb1f73ccd0977fd39ff3508c387223b3be27aa984c09dd06c2f4674e4e,66653068,0.12038860516304108,50,467,64
0x99c8f9fb1f73ccd0977fd39ff3508c387223b3be27aa984c09dd06c2f4674e4e,66646062,-0.03137129312977702,147,626,145
0x6d56f66e52e63e8be558d708a987426314bb4de92bc9b43a44effee1f2abf317,56407599,0.07748555213385676,1,148,80
0x99c8f9fb1f73ccd0977fd39ff3508c387223b3be27aa984c09dd06c2f4674e4e,66632617,0.2526125933960347,179,1278,347
0x90b75d6e9ac1e7efc3154c89e155121f7d7c0e54ebbd3dbba379650deb64d41e,66625971,-0.016820213463334243,134,456,96
0x90b75d6e9ac1e7efc3154c89e155121f7d7c0e54ebbd3dbba379650deb64d41e,66624946,-0.005158469080159807,104,499,100
0x7aebd80541bfaaf23dbb6e99ce13d4d31c1a84c91414f971eadbff7db5f85995,66622128,-0.025267034323647342,13,171,68
0x90b75d6e9ac1e7efc3154c89e155121f7d7c0e54ebbd3dbba379650deb64d41e,66621615,0.02988643629361941,128,562,141
0x90b75d6e9ac1e7efc3154c89e155121f7d7c0e54ebbd3dbba379650deb64d41e,66620026,0.03892125155968206,165,623,189
0xe4737e96b3caa589ca0567bf762d03b1fd23a5a6e95ca08a5596022d3569d929,66605881,1.8575151110234167,52,134,0
0x012bcf2c0f3d711599de12f5c29a21ea621c50d6a788d87a79bb7b35f1669c86,66602021,-0.22772580197688586,7,100,32
0x8651e656738064177752a395dbde2b2a9e3fc469edc2a9212e6060c0990bb7eb,66587622,0.0032997020554398205,15,54,5
0xc9b1ff65c2a432d81e6c6c8fd29168c2eb82bbc2ccbcc176c60d60a8428644d0,66574850,-0.05559117480902948,3,37,6
0x793917252431f140150a466d9c0f8435ec05de3a998b2047eb833fee6ecfe2e2,66561310,-0.09355303479225931,48,128,0
0xdd1928f29ca8c4bc5658ff0520ca3a419648d541b4e8a1f8759a46f47a8718a5,56386458,0.652851456768016,2,53,21
0x9980e1413957dff73bc88ace5e71925d9e737b7e5dec7d84c8ec4d000d0ef3da,66556977,1.3617134417420982,1875,10041,1620
0x2f71a0c969ed55abfb7ff1e26072e2122d5cc9a9f84386021f0530b34038ea2f,56384182,0.12717626560000414,8,31,11
0xd5309d2e80ee500048b9095f9b479c168d07ffec33d3f3ee7ac366983e8cf14b,56320196,0.08935651337705322,6,87,17
0xe9ebfff0ccc09a45eb684f67bf41d3a7d382cc2e04b908cfaeb929b76d70530d,66424628,0.35958496791873124,754,2539,704
0x12e4a5c1e99c2d20b3ed9f9b357904aeb4ab25e0ded995a54e3d7f1fe410bb52,56300648,-0.06561409882349487,11,38,12
0xe6b9e92bab5d90a168c87aa6d48a5903f6414fb8c4b716ca0ef41e7694333473,56298097,-0.9159828288748876,517,2377,100
0xe9ebfff0ccc09a45eb684f67bf41d3a7d382cc2e04b908cfaeb929b76d70530d,66416947,0.42952609396186514,1147,5046,1282
0xcc646acb144d45795798d2193e5c21006614d91489b5e1321899801e04ad3f16,66410245,-0.08338252754136424,0,161,20
0x64c5dbbee60473344dc6f7b11391ff9c7bb7464c0d5ecfb0d311ff26df9f8c77,56286869,-0.11645020270757964,2,47,8
0xa08bd3b722dd20389c95f83cb6d0c01eeeef76c81d30c482c7fbc15e59e01f1b,66399535,0.2864711551292557,1,2,0
0x11de7647f85f5772f09a2f81872e12993de0ea4fdb3b9df2302ef4da85e6aef0,56272749,-0.12370272895533485,2,20,7
0x4b7c86491df95f366b31217b2950d2c5136a2f19b6879613eac73d0e69092a1a,56272653,0.08419770383444207,95,1269,267
0xfec7b1efe77aa60887986db5bcbfff39ca40b56d964bb8ce3d9dd0d9baaca4d4,56270695,-0.04832489465705446,180,1285,265
0x02b45b04dd24ae519e6d5b22234d1a37bf77d50c2b653159d7703a8b664a468b,66385050,-1.0008,2,2,0
0x29482ee44cd08c368b8024fbc19896ef8fd7e0a88e0cce7ede825aca346956e0,56261709,-0.12900141166854728,2,25,13
0x44af27e0b93f203d96798c340aba7a3e792179d788d049b6313aa157e089f6c6,66329370,0.668659013230696,41,329,106
0x24c65014991e23383da21f9081f99c6e4bc128bbd4075c1b7d67a7e44efa4f2e,56251857,0.3257857330181843,143,1893,664
0xcfa7bb34e23a7022c3de3e1618e1ff29cde8f16a76c341eca19d16f928968a3d,66328732,-0.022239358883476758,0,12,6
0x24c65014991e23383da21f9081f99c6e4bc128bbd4075c1b7d67a7e44efa4f2e,56239376,-0.12479610101109351,368,2525,564
0xbe23dd7085b9ea30fc235b9aa82a813c3ef56a89f8b5be72033b2c2e7508f18e,66300028,-0.5317077288657607,8,443,117
0xfec7b1efe77aa60887986db5bcbfff39ca40b56d964bb8ce3d9dd0d9baaca4d4,56226621,0.10299867270150839,10,1264,41
0xcfb47cb2b4d6a4758bc47079983eedd96e323c63b80c61ef4fa1fbe7341c9c36,56223622,-0.46047549214530425,145,1732,520
0x4b7c86491df95f366b31217b2950d2c5136a2f19b6879613eac73d0e69092a1a,56222915,-0.08107565557690581,2094,5909,1161
0x4b7c86491df95f366b31217b2950d2c5136a2f19b6879613eac73d0e69092a1a,56219602,-0.11060202327432346,677,8666,1488
0x5e67d7202d4802d966ebd78623b920e5f35c987067561fc03304004d42c632d8,66248075,-0.2806256022984833,13,125,24
0x231764ab2a3150a9b9c21c294cfe3269d7ff6933d7bbe4fc56ede6d246cb2bda,66242926,0.04997981670418444,4,35,9
0x378b102395b2c4f9a9ebe650b5b501d0810c60126f886107d8812ca7ff7f9f91,66237020,-0.02451245658330656,16,72,33
0x7aebd80541bfaaf23dbb6e99ce13d4d31c1a84c91414f971eadbff7db5f85995,56201041,0.11360837619885292,27,941,126
0x093af755db0f7b0570da44c61a5a8915d39f8ab0dd3b7e7ce0771980a9639142,56186995,2.9229115202050457,48,1131,211
0x580233a4b42453b513c06f4633571002b19d188b39c7018dffad07e5742009b3,66158210,-0.3070090676652247,6,71,16
0xbfaf81920854e55bf99f7061841f104daa8474c929c8fd5e6f3b1b4cd5af0ba7,56177636,-0.7769463188316056,223,953,213
0xd4948bc5cba2766bf51b669a8b27bd66e108d69fc8e19a43cc44db8336742dc4,66060494,-0.001079524704435289,25,68,20
0x64c610f47964772c8cba3566ca1cb0b71bfd70061a9e2b31bd11ddf919ee457b,56143217,-0.3759519834028173,2,405,48
0x654306d20889215479c77aed8d1cad16e3a19a236592677633a8a07daed1ac59,56133472,-0.25027585179079787,4,128,11
0xc749412e31087a6e6f9210af575bc9100159fbc9f45da3ca8b26b31f3bf5777e,66031524,-0.06815912512963784,11,358,66
0x2b063d199f67e3af33a3622c69af94e73824f8c0fbdb2357620fe8b7b569d6ee,56126952,0.06085013202993305,1,27,4
0x649c581c02add09e577011dae865478709be51f3115a32deac61bac5b8061294,66016112,0.1425270943166192,0,10,0
0x4b7c86491df95f366b31217b2950d2c5136a2f19b6879613eac73d0e69092a1a,56118283,-0.05994815456654639,102,542,47
0xf12fa27eaa373de66074cd60dc9b86d9a2f627f8bcc33a37198e79098a7a4130,56113407,0.27204660451649165,86,343,90
0x3df16f271060e4941c0386047def159f42e629dc0455db623c5b363eeacbcc1d,65934592,0.21578812799192174,0,59,13
0xa06116d5b8288f43f21364df1fa58377ed95e491eb48e4cfaea99ab0a0e3d460,56099139,-0.20688145415631123,37,231,118
0xa688391c7c67551d1e24781a8060a448736472cf18d9e84f6804dfe936470fe7,65916851,-0.2838925811343302,287,480,68
0xe6925f7bdedf22c2714c749d0ff208ce9e4bc1540938fa2b9ab2379486322edd,65897265,-0.09438935289100725,7,49,8
0xe4fcea2c4b8fdbd2adf3317b8253b6967ff9e542bfba310642ea81a8b09ce5e6,56074854,-0.169805510809223,0,26,6
0xddab655ac4d7e2417b1a56888b851f3f8ae7926805d6d8e8c2fd8e9bc39cf881,65886901,0.6231406175342686,6,244,94
0x34a4956d5535b9ee3662f2b78cb8a28e3220900f1c182365e756ad61e63e79d7,56071359,0.21694450372192767,61,525,167
0xb98a046ed046d4c7a68ed1690cf220e7682b590457000d8dc4a4b5b1e13c3621,56066501,-0.18271505005100555,184,1024,317
0x752fe15331a0a846c4dafb5c6cb1d5adbb34ae06014d0b6ad2213975cbd458e5,56051481,-1.0008,1,5,0
0xac17cd22c9aa32d43828f4882ccfeb8b62dbc41baa1819a841baf8cdcff87288,65804219,-0.2126341022101106,134,695,132
0x3206ce1c4d3f9fa25cfab95de7e743f61912fcb03efa6b3bff02cc577dcda22b,56049483,-0.07180746245297387,6,67,28
0xddab655ac4d7e2417b1a56888b851f3f8ae7926805d6d8e8c2fd8e9bc39cf881,65786792,0.20319761143587578,63,509,233
0x9255db3b7a91b412448e14e136e2eddea785980e63d8194216028624393c4e83,56043970,0.25315620356056406,1,74,8
0xaf28b153a45c4647ed76860811f734152e3c93e29c6a4489691954b71716d310,65758520,0.08191585179209114,0,17,12
0xddab655ac4d7e2417b1a56888b851f3f8ae7926805d6d8e8c2fd8e9bc39cf881,65734917,0.18396558285497322,416,2315,614
0x21c17bf5ad43fd9e47c40f4a2f8eb1300c77def7f69e43c56c0559cb4f2de2c1,56017488,-0.0878460537752831,6,22,8
0xb5679e35c8bc870587eb26d04ba3ad3dc8d698f4bde39cd02c33baf1b5d3303a,65618115,-0.6115135017127636,452,1139,258
0x444951a2f8a271ca2b381c8dd4ff564deba485e6e8520624fc97d8e2c0399154,65611729,-0.3997041356956809,38,71,9
0xc48d5a305b0ad1e5a12b3ee3ffaea29ba2e8ed1050399ffaac8bb6e55189e380,65606444,0.5428902729397109,823,3169,459
0x7fb39eb653999feb9f0d3b1410848911383dfc681f3585229df4aa5b560bf0ba,65596444,-0.006618211000719543,19,138,33
0xaf8aa959b7e460fbbc61d25b9896a6e3f92cbf3a2bde01fa2b5ac811f2d6a986,65581696,0.07515185250865393,600,4947,1659
0x8651e656738064177752a395dbde2b2a9e3fc469edc2a9212e6060c0990bb7eb,65567005,-0.04479572682924145,30,110,20
0x53b8fd7b84040926376690bb9a4f350192a75106786d7f837e6c119668426678,65553028,0.9174817977092657,4,374,21
0x813707ded6381854b2d96c3d942960c5d362244a0903ac7d5c4d471e0c6b175f,55937415,0.05347397959341829,1,12,3
0xd678fb36c5cdf487126a00d29d1e235aebbb1c4a578f2597dfa11ebe3f1c1fb5,65527665,-0.20249450694044055,5,108,24
0xfec7b1efe77aa60887986db5bcbfff39ca40b56d964bb8ce3d9dd0d9baaca4d4,55931184,0.005520401824394707,3,54,26
0xa8be680ba766b363d09846117f744cbc115244f0abf723b8d80243dd728a2d11,65494157,0.055906127905187945,19,252,91
0x4b7c86491df95f366b31217b2950d2c5136a2f19b6879613eac73d0e69092a1a,65480334,-0.048963644470058895,5,22,8
0xcd8c6b003b5b09f7c8479a173a3514d9de6dcf789c0a74f5bdc6a59c4eea2483,55909874,-0.12125577206440896,8,74,27
0x74f714747581b13ab39e1ea2455c3bae5f666e07f4be6a17d284e98ec806f800,55907705,0.10245252625965709,6,52,11
0xc1727d62d62d04ab6acc0f69115fa169d2c60998f20b90443008f0d094895ed4,65475297,-0.9351373387494119,313,981,92
0x6956ad626704d890e90601e4a7497e6b6a34220ef4016795f3f8031449fb5303,55904244,1.4144823121054926,20,603,669
0xe6925f7bdedf22c2714c749d0ff208ce9e4bc1540938fa2b9ab2379486322edd,65471441,-0.3010057011027913,309,1065,367
0xcd8c6b003b5b09f7c8479a173a3514d9de6dcf789c0a74f5bdc6a59c4eea2483,55894882,-0.10820978236146633,19,117,25
0xa47470f81ac12c2997fac43d575d6634cbae68a905ce65b9ae4f6115dba7430e,55879163,-0.5374981827617384,59,442,206
0x5bb6eff153b933480ce7a55720e66102dfb44a533da8f5c075ad29930a1073d0,65421525,-0.29241640350358583,599,2435,729
0xbc58bfe115b23f22d2e97ded5c791ebf6db3d3f510f412908c511da6dc8cb4ee,65418907,0.47425752958319956,11,95,21
0x7aebd80541bfaaf23dbb6e99ce13d4d31c1a84c91414f971eadbff7db5f85995,55852647,-0.04444094873569706,20,235,124
0xec81d58d9663ac6b08431945b2f4e46155e57684c72e1292b6002b7fec983e7c,65414545,2.371619887063675,376,339,21
0xfce98dcd43a9c0bdfdb5d5c10c87db298294426faf9b03d47caa5cec0ef16a03,65411877,0.04913547086072545,36,217,63
0x6c2c1cdbfb37da08d0ad093e9d323450fe4fa13199345923b1d5ea460096089c,65400115,0.36325970050791506,754,5400,1878
0x00dd2df2f17d431cf3a0938f06c9cf9abc5e9643b6cc466ca3f71f3af246edf3,65392080,0.07780276382657958,2,18,10
0xc749412e31087a6e6f9210af575bc9100159fbc9f45da3ca8b26b31f3bf5777e,65388543,0.012746916340389656,15,101,54
0xcb3e568703ba2f03f1406740685ebe542781c2a5c7e0b8f77ac086762d6f8c97,65350458,0.048479604216264946,0,0,0
0xcb3e568703ba2f03f1406740685ebe542781c2a5c7e0b8f77ac086762d6f8c97,65348736,0.16793261359903108,0,0,0
0xcb3e568703ba2f03f1406740685ebe542781c2a5c7e0b8f77ac086762d6f8c97,65343765,0.9220150687479008,0,0,0
0x231764ab2a3150a9b9c21c294cfe3269d7ff6933d7bbe4fc56ede6d246cb2bda,65338466,-0.10261412726665292,3,43,7
0xd44d41fff9964b78dda4e434b926e86e23c03018c20dee7bf5be833fae3bb704,55808871,0.2453233689382252,74,644,170
0xd44d41fff9964b78dda4e434b926e86e23c03018c20dee7bf5be833fae3bb704,55796666,-0.2714879184971147,86,996,268
0x60896151a05453fe60083fb3486e9ff22de8cd2668735c45e25d87da2321a53d,65303028,0.4595971501166845,0,1,0
0xd678fb36c5cdf487126a00d29d1e235aebbb1c4a578f2597dfa11ebe3f1c1fb5,65298175,0.4524636151610256,15,525,179
0xdba909ac1600a59685928cf317fb953d518d405b4748371889e3cb2932adf4c2,65292028,-0.005336326121548541,1,44,12
0xe2474040fcc8fee49ac3cf7f6db9f5784844a058b67837db103c1b41a1a9ba06,65269480,-0.34503638117057206,4,82,24
0xa06116d5b8288f43f21364df1fa58377ed95e491eb48e4cfaea99ab0a0e3d460,55787233,0.1586381036622292,37,278,126
0xd1426746cf744acf047a783d8246489f1e82afa9a98d70be6b3fe8eb8da5a651,65264056,-0.10529993364017677,4,7,1
0xd44d41fff9964b78dda4e434b926e86e23c03018c20dee7bf5be833fae3bb704,55781367,-0.31574008708245643,126,1011,574
0x8669c1a2c35b16a1cdf36cc1e4688ca1d4815c5f535c57954caf7ca4f510fa6e,65227017,-0.38692828244187255,577,1592,396
0xd678fb36c5cdf487126a00d29d1e235aebbb1c4a578f2597dfa11ebe3f1c1fb5,65213844,0.07904023432145978,98,1930,545
0xbb8e1d26fe1e4a54d8f994eeb94f1da995fc386e4783ecfee70f0b180a5f1ae3,65202176,-0.00729889289263399,14,96,23
0xb1512ccfe3703df6e368371defab4d7d3dae3d47c883af2cf7d9e44d1f7bb227,55754621,-0.023425110952349018,274,1363,302
0x97a00e1d21194cdc01e7c57f4287933f40e466fe80b34d12ae055d5330c3add5,65129687,-0.24584081329692611,85,959,258
0x06e308b77bdafd691d179645296ce8c40e33c6af4a879a913efc7eedc402581c,65080257,-0.0033314430505527524,1,26,2
0xc73f3cd3fb68288e63f008e08ef69caa0437224e420963c6aeb4526178e87ad9,65061114,-0.018891421895713894,14,55,8
0x06e308b77bdafd691d179645296ce8c40e33c6af4a879a913efc7eedc402581c,55698134,0.025320922651865158,2,47,16
0xc39187cec78a076c41a4085598b4cc05be2ed9b04a3443167471fa0fc4984188,55697391,-0.029173537277667538,8,46,17
0xc39187cec78a076c41a4085598b4cc05be2ed9b04a3443167471fa0fc4984188,55696521,-0.020610330366536506,3,49,16
0x4b7c86491df95f366b31217b2950d2c5136a2f19b6879613eac73d0e69092a1a,55691937,0.2076730792490859,55,501,121
0xb7d658df4421510b1a190b1c64e85bd8080dee418bc2a822809bedb64313bfe9,55689011,-0.04583629783882843,3,70,26
0x22ec840a3deb7e2e8a712165b0c6ca75cdb70e14dce584b87f7dee0d1006c858,55683106,0.2703639022291167,1,67,11
0x7aebd80541bfaaf23dbb6e99ce13d4d31c1a84c91414f971eadbff7db5f85995,55665481,0.05489447203660252,30,419,132
0xa688391c7c67551d1e24781a8060a448736472cf18d9e84f6804dfe936470fe7,55664995,-0.3409456239002306,0,45,18
0xde55463016f21c46e3841254489650791d72d7e63c2d1d02b6b7560b4da2487e,64966469,-0.19882155871258447,6,50,16
0xa00db6ed5b01f2c75fca3e3e8aec8500f9cf65dea9cd2a49ba01d6f2223e6ec3,64949777,0.14163046483507485,90,187,39
0xcc01610e1897ed01fe1a8cd1413e43f847f7fbd4f3b207b095707cde94ccc1b9,55635260,-0.012702422023394593,0,9,0
0x231764ab2a3150a9b9c21c294cfe3269d7ff6933d7bbe4fc56ede6d246cb2bda,64943243,0.0155979733548731,5,25,6
0xcd094bde731e6f0db9ab238456db9dec72e30f39bf92f7880624d970f9fe17a3,64886829,2.338310334232917,803,2243,26
0xa656346c328c7185f783e78936b68eb5868aa9cf5809260320b279f7e13790fc,55621866,-0.09024094754459627,13,172,57
0x378b102395b2c4f9a9ebe650b5b501d0810c60126f886107d8812ca7ff7f9f91,64839654,0.13047487431685675,37,150,31
0xa06116d5b8288f43f21364df1fa58377ed95e491eb48e4cfaea99ab0a0e3d460,55584909,0.1732794243002481,110,1228,341
0x6538e2c223ed70228114983afecbe5e69fe627e2fafdf367bdd6bdeff2ad391f,55584786,0.035207311641017626,176,595,170
0x7528c817cf4af9cd73ab0a2e76264bd1f69a88b08b57b57165095711a206c5b9,55580873,1.5112696803441483,2144,7386,1335
0x21304c503eb6a3077c4e76abf830381ae495163d1d761279dbda47445e76263c,64807406,0.09625170494210347,6,129,0
0x7528c817cf4af9cd73ab0a2e76264bd1f69a88b08b57b57165095711a206c5b9,55577821,2.839587688266779,3676,9431,1650
0x7528c817cf4af9cd73ab0a2e76264bd1f69a88b08b57b57165095711a206c5b9,55570101,-0.054949425679708085,2185,24608,4060
0x7528c817cf4af9cd73ab0a2e76264bd1f69a88b08b57b57165095711a206c5b9,55569764,-0.30871665352260863,943,25855,3934
0xf7a56632dc25c499e6585bf31385f58edf5c046b7baab9646619efa93d040611,64775043,0.21984319289228954,746,2900,752
0xf7a56632dc25c499e6585bf31385f58edf5c046b7baab9646619efa93d040611,64769163,1.0684810688568567,1022,4230,789
0x7528c817cf4af9cd73ab0a2e76264bd1f69a88b08b57b57165095711a206c5b9,55567681,-0.8878330418074101,666,26530,4527
0xd904401ae3b0ac8a6d5047f6375b45de92c412689413e0548be725ea89b373a8,64735769,-0.04248333003946679,2,21,2
0x3b852b8cc5b0792ca3e38991ddba0e762c05b0afefa18cd4cb3556f80fdd56a3,55550644,-0.131347379598636,43,208,59
0x7aebd80541bfaaf23dbb6e99ce13d4d31c1a84c91414f971eadbff7db5f85995,64718341,-0.018958755288499607,49,241,79
0xa06116d5b8288f43f21364df1fa58377ed95e491eb48e4cfaea99ab0a0e3d460,55546119,0.04161045392108777,906,4655,1201
0xa06116d5b8288f43f21364df1fa58377ed95e491eb48e4cfaea99ab0a0e3d460,55545381,0.10892390695742525,840,4907,1183
0x002a344d1f9e32dad1b0ac81db3d0aa3bc84d124155d37256438feac3cc7430f,55538552,0.3733965371792405,59,828,273
0x47631aedb7cc03d2f0d2452dd94fee1f1a149a3792fe9a2b413d4394a1a0f2a4,55536486,0.5684487677048126,150,1868,330
0xa06116d5b8288f43f21364df1fa58377ed95e491eb48e4cfaea99ab0a0e3d460,55533679,-0.004857263176953029,7702,14276,2257
0x78c5655cf64d5dcc13d3db21d0d72b460b4b360251618efcd21ab32a14c5fab4,64695088,0.019075434393825117,19,96,23
0xb5f6b86f2de5f25882f38e31da4ff46ad283363c556e95f070d32ab61fd4925b,55524477,0.07141603314041545,5,121,22
0x10ea32252ee4aea2be282068a974f394684657b12d7dc976b5f4f41390455180,64672913,-0.04071914991389933,348,1484,340
0x7c17ce280ba8aa9fb0c5c2035b2eb76dc7eb89e8a948da4ff77b555d2dc24114,64667082,0.045646689046325,2,0,0
0xcc8bc77eb4295017a8e2c200864051238852879bb372c84201e5a9ca05d2a3e0,55512556,1.7947558780719834,124,605,30
0x10553bb141a46433a21851dccd2284e3b8a5947ac9a282f6d838514764579aaf,55504725,-0.5573977276903463,27,180,81
0xb98a046ed046d4c7a68ed1690cf220e7682b590457000d8dc4a4b5b1e13c3621,64658714,0.05386807159583618,27,24,8
0xfec7b1efe77aa60887986db5bcbfff39ca40b56d964bb8ce3d9dd0d9baaca4d4,55503306,0.0173337470252638,2,123,43
0xcd8c6b003b5b09f7c8479a173a3514d9de6dcf789c0a74f5bdc6a59c4eea2483,55499522,-0.6526674289618315,40,216,50
0x35751a67e31548f20bb52404cef03780a38d40b8958dd3017e2cb54c16ebb6ef,64631183,2.068236873107109,1416,7229,1026
0xbbc86f15328bbca31ec9ff25af727cc325f2e6efcb9d8bf77af082169ff88210,55494553,-0.7302415649059403,586,2461,158
0xdba909ac1600a59685928cf317fb953d518d405b4748371889e3cb2932adf4c2,64626830,0.043396130505534716,7,26,8
0x75473de35f7ad47be0c6a1da9d5188fc205328adc1f9ce6eded8ef06cbb83fba,55491601,-0.01843999328794796,156,986,375
0x086f510359ad57e4f8588b71ffa21fe29bbed044e4d13aa2f72ecaefeda95a36,64612322,-0.006510186402117415,0,20,12
0x8dabf19a93da0e1fe59b655fd800151b52fbc79b4995dead08f079eff83a0576,64600164,-0.13215303274772333,1427,10206,2411
0xeedadd21304a2366b2eee949c1c49dc58ad9078b5a90a404f97cf7abaf90f8a4,55483505,-0.7264396248701501,179,754,61
0xb376246f389ec9f07d538883fb69ba60a9d4cf50677f3cf4ccc3b0ccefdc1de8,55479969,-0.7893595632020607,690,773,235
0x38d23b6bfd1bc1e72b52c2379cd0a414567c200ee56bead162277828e3d32770,55476912,-0.19674182341837224,7,128,18
0x7ebbb5d35a698a2b558bb8bf3b34bf7c0a54eaa63499f7d6a49392f0c5bcc493,55471651,-0.19478037648313426,133,394,94
0xdba909ac1600a59685928cf317fb953d518d405b4748371889e3cb2932adf4c2,64500526,0.0007499205045480266,2,42,14
0x47631aedb7cc03d2f0d2452dd94fee1f1a149a3792fe9a2b413d4394a1a0f2a4,55460076,5.030855040782965,237,5272,5243
0x52a5d89cbc34ded976311c864aeb0c5563bd298e9d5260c8a9a932d7a3d5743f,64384273,-0.240116019874187,0,557,51
0x15498a950c55ec3c8ee9e3d320ef09dc806f4300249f945f5c254de6aaa50d63,55425231,-0.2510276483440678,472,3041,501
0x646241b00ea25b77d9da1460a7d87cfaf74edfeba6c27fdd99786f0df47e3a6a,55422269,0.27373518341908804,2581,2552,843
0x40a433930370f6cdf0a78debc2c6dd599c23bd428c0d67dd8b5373e4f101557f,64342607,-0.26506027386353564,1636,6857,3640
0x40a433930370f6cdf0a78debc2c6dd599c23bd428c0d67dd8b5373e4f101557f,64336911,-0.4366912842201169,787,9166,2921
0x40a433930370f6cdf0a78debc2c6dd599c23bd428c0d67dd8b5373e4f101557f,64335780,-0.47922770234307227,650,9409,2933
0xa1771923045e0dade6578f8c99de248d5a6029b97fb928328f9e767674e7663a,55410753,-0.10471448767384292,3,32,7
0x9255db3b7a91b412448e14e136e2eddea785980e63d8194216028624393c4e83,55406578,-0.13156211534689685,6,28,11
0x4b7c86491df95f366b31217b2950d2c5136a2f19b6879613eac73d0e69092a1a,55402880,0.393130890724793,10,801,71
0x74f9a028bfb96642681a09a9fd99c9957510871ddbed0d1a611211f5e2100509,64270268,-0.352105321316277,44,524,108
0xaad7c3e1443d6ba18ab4224296cd61198d12126f89deaea13a1da8b7e3d59661,55394031,-0.046998579005661255,2,49,3
0x71a3edf167b8b8fa96eee49b4a1807ff76da94a4e7997073332f5b3ce60b49cd,64235816,-0.053484251088785795,0,14,0
0xa8be680ba766b363d09846117f744cbc115244f0abf723b8d80243dd728a2d11,64151647,-0.07529929633232398,5,44,6
0x590dcb6a87828bf688b48089a62239b693378f1fb64d2286e6a399ed8c005fdf,55353583,-0.048871972121771176,2,57,23
0xbbb207aa1bb370998fb2edcf592f8c2c48109814f48b87feef19db5cf62c7583,55332772,0.05120536975946557,7,49,23
0xc73f3cd3fb68288e63f008e08ef69caa0437224e420963c6aeb4526178e87ad9,64110389,-0.08474494747481087,6,227,63
0x2b063d199f67e3af33a3622c69af94e73824f8c0fbdb2357620fe8b7b569d6ee,55325586,0.013407832052591242,1,48,9
0xd5309d2e80ee500048b9095f9b479c168d07ffec33d3f3ee7ac366983e8cf14b,55324682,0.4734957586419461,21,215,212
0xc73f3cd3fb68288e63f008e08ef69caa0437224e420963c6aeb4526178e87ad9,64101520,-0.004556605836269727,3,236,50
0xb5f6b86f2de5f25882f38e31da4ff46ad283363c556e95f070d32ab61fd4925b,55315740,-0.39978825902089654,378,2772,572
0x713aba0fa3f49c07d2f60c064464868ac7798f57c3cd3298f784db8b4054d503,64089689,-0.11905081537857863,420,1087,171
0x383957bce2341f59ff97c47eda2ad3b3b839b7050adc8a4747a398abca0ad552,55310969,-0.039108598622600584,9,362,68
0x4b7c86491df95f366b31217b2950d2c5136a2f19b6879613eac73d0e69092a1a,55300737,0.022224705815651828,140,336,86
0x8052650014fbe824973a674946e08182a6a116cd9b72b50a97444bbe8a2d8b86,55299361,-0.01808582599553204,1,87,10
0x2f71a0c969ed55abfb7ff1e26072e2122d5cc9a9f84386021f0530b34038ea2f,55297421,-0.10310920792808251,121,731,431
0x6d56f66e52e63e8be558d708a987426314bb4de92bc9b43a44effee1f2abf317,55291507,-0.14752914223534497,49,420,116
0x75473de35f7ad47be0c6a1da9d5188fc205328adc1f9ce6eded8ef06cbb83fba,55291362,3.099631995917812,5488,16008,2472
0x75473de35f7ad47be0c6a1da9d5188fc205328adc1f9ce6eded8ef06cbb83fba,55290816,3.4994103454101686,4290,17147,2898
0x75473de35f7ad47be0c6a1da9d5188fc205328adc1f9ce6eded8ef06cbb83fba,55288927,7.506770949627723,791,20508,3493
0x7aebd80541bfaaf23dbb6e99ce13d4d31c1a84c91414f971eadbff7db5f85995,64008168,-0.004477343375292253,3,118,32
0xa1771923045e0dade6578f8c99de248d5a6029b97fb928328f9e767674e7663a,55285561,-0.03712324938307852,6,33,1
0x821d4a08365d16931960f366ce9e900d730a9003a3ea3791fd787c50de4c2500,55278679,0.3192415471721378,321,1714,340
0x255cce38af51f693038110410f0c3d111698945eb5f9aec414af11ec9b9bcf44,55265203,0.01756073580198729,15,169,100
0xb3e164e6cce432f23a0d553f37091216963010de78c5d3ca80d1d56aadab3e25,63977468,-0.034753346453188824,2,5,2
0xa214be77ae3f4d233d31e30178708470a8773e2fda920460219941d9f0c0aa78,63935696,2.478962393088459,271,792,141
0x57d7dea3bead536b545d95baebe97d9653aa510911ab407f5da33d7cda47b7b1,55245199,-0.06824344841657153,4294,6677,1794
0x17e3cd4ed56de44f256f1ae8dcd73900b0a61594a4523eb58f0764b57a257167,55244398,0.174798428332725,5,31,13
0x57d7dea3bead536b545d95baebe97d9653aa510911ab407f5da33d7cda47b7b1,55243656,0.7631193723215763,4240,8608,1865
0x57d7dea3bead536b545d95baebe97d9653aa510911ab407f5da33d7cda47b7b1,55243629,0.7531420263468469,4250,8626,1846
0x0bca8b92ebd747eabac5add200f068e30cda1bd9a4ba3b5caad04f5f17383dc3,63908499,-0.004477838600124574,1029,2687,703
0x06e308b77bdafd691d179645296ce8c40e33c6af4a879a913efc7eedc402581c,63885735,0.012622365256066996,3,35,7
0x15a09db785c7b5fc9d794f685a04e4ad38842a2035b9a8fab17909c0e54c425f,63881859,-0.03527087677714273,9,31,6
0x9cad6fa9a5b83dc7bacb4bb74cfc6ae3ee916813969af4e281e5e39aa09d7138,55224929,-0.5279720735515766,1677,4373,1226
0xcfa7bb34e23a7022c3de3e1618e1ff29cde8f16a76c341eca19d16f928968a3d,55222818,0.14741020727539894,320,474,87
0xc73f3cd3fb68288e63f008e08ef69caa0437224e420963c6aeb4526178e87ad9,63861988,-0.10140844182227163,14,156,41
0x62447feaca6967a31b1806553d62aa397086489aeab9a437c4b65b3fe6463961,55220174,-0.4713601189152237,731,4405,2069
0x231764ab2a3150a9b9c21c294cfe3269d7ff6933d7bbe4fc56ede6d246cb2bda,63856299,0.12207963150794622,4,68,34
0x6998e1c3773796506c2f625ef714bd3ad97f425560170a758408c57e651c123b,55213727,0.5875509212387058,8,418,76
0x7e271c400427ecb727f5fbb27dec69254bce7c4219e95e3535d0ed128f79648a,63847665,0.013994246602751514,9,107,12
0x6fd216952ffcebf717786eab48e016deac4c975be2f5ab01fabd3fb5656a76ce,63815614,2.1654330194138134,770,175,1
0xba032a22521f6eda5ded133a1b0e5cbb74c5e84e0579310f7aa8161a5aaff49b,63804696,-0.04273410938367958,2,139,24
0x78c5655cf64d5dcc13d3db21d0d72b460b4b360251618efcd21ab32a14c5fab4,63794633,-0.21188496070535923,296,1250,485
0x19641b643fad45945a49ac7852f7706da8b157f6f49bd0ab09860a574c59e7f4,55180656,-0.9638068106541303,96,731,3
0xc9d07d181a26ca4118679647087f0591d2fc97d40dbdb5e515402ab25c86680a,55164561,0.1633789903924555,5,95,35
0xc9d07d181a26ca4118679647087f0591d2fc97d40dbdb5e515402ab25c86680a,55153101,-0.2496484875250981,1,132,22
0xa6975f4720a95aa9cdfa9b010a065b0e941534c93f9fa708104c08f0ac029ca0,55147758,-0.21000901213100365,43,365,99
0x0e83588ff3914c9801584d55d4dabf9d28880728d73ccff7394ded9aae02afa8,63674620,-0.03313627591671245,6,49,6
0xd5309d2e80ee500048b9095f9b479c168d07ffec33d3f3ee7ac366983e8cf14b,55080975,-0.3093884500642428,91,439,117
0xd7844fae156cdf8c91ee5ecb071e4879d53fbb7a18fa886e9cfbaf39b744972b,63655491,-0.5878745487031588,507,1712,291
0x255cce38af51f693038110410f0c3d111698945eb5f9aec414af11ec9b9bcf44,55074056,-0.32739991336835517,49,255,173
0xdba909ac1600a59685928cf317fb953d518d405b4748371889e3cb2932adf4c2,63623032,0.026043023699597323,1,27,5
0x06e308b77bdafd691d179645296ce8c40e33c6af4a879a913efc7eedc402581c,63437912,0.0010868263687470517,3,43,5
0x2202c667c036b29394d6bf839d6889984987f85ef8892fee323e068953dfcfc2,63312138,-0.07710758470402714,3,76,21
0x228cc57344b0a2e71cfd255e0941362a264e6301ea038e02d11b87ac0369247e,63306420,6.551538055536458,0,0,0
0xc73f3cd3fb68288e63f008e08ef69caa0437224e420963c6aeb4526178e87ad9,63299082,-0.06547434174490847,330,2018,418
0xc73f3cd3fb68288e63f008e08ef69caa0437224e420963c6aeb4526178e87ad9,63291747,-0.13615242373256142,842,2208,685
0xc73f3cd3fb68288e63f008e08ef69caa0437224e420963c6aeb4526178e87ad9,63284971,-0.18732283088805657,717,4008,666
0xc73f3cd3fb68288e63f008e08ef69caa0437224e420963c6aeb4526178e87ad9,63282701,-0.07168604129933867,866,4485,984
0xc73f3cd3fb68288e63f008e08ef69caa0437224e420963c6aeb4526178e87ad9,63281548,-0.004345320537455723,808,4683,1128
0xc73f3cd3fb68288e63f008e08ef69caa0437224e420963c6aeb4526178e87ad9,63280704,0.021989856264315745,761,4844,1187
0xc73f3cd3fb68288e63f008e08ef69caa0437224e420963c6aeb4526178e87ad9,63277480,0.33997187944622526,423,5581,1497
0xc73f3cd3fb68288e63f008e08ef69caa0437224e420963c6aeb4526178e87ad9,63267009,0.8546827137955411,1716,7124,3475
0xc73f3cd3fb68288e63f008e08ef69caa0437224e420963c6aeb4526178e87ad9,63265093,0.7778864609843779,1526,7913,4049
0x4db64fba2e12b9940b0ff6005bec6d0803371390e8bdeedb4dde051be98668f3,63202932,-0.20604249915735257,51,520,122
0x3fbbf19eb37e9ee3aa36785db96d3763dd5509c66deaa7c3ff18f10d5317da62,63192960,0.0819212863955133,286,1136,198
0x7e271c400427ecb727f5fbb27dec69254bce7c4219e95e3535d0ed128f79648a,63181886,0.013456173186739829,23,434,36
0x3ad2400ed070934eed6a807b2b61d9d98f42a799b0efa61063b3782828f814e3,63179084,-0.7459471049701761,231,1891,423
0xc768d2f34b818fbcff2c9cdb96e1ec5b17c6586455676d6278f367a108c0b9ba,63141959,-0.31671502392386064,16,202,62
0x7e271c400427ecb727f5fbb27dec69254bce7c4219e95e3535d0ed128f79648a,63132920,0.10619605459398664,50,651,111
0xaf28b153a45c4647ed76860811f734152e3c93e29c6a4489691954b71716d310,63120400,-0.060211808522814,7,54,23
0x4db64fba2e12b9940b0ff6005bec6d0803371390e8bdeedb4dde051be98668f3,63118229,-0.23452568354487444,1919,3741,1359
0xc39187cec78a076c41a4085598b4cc05be2ed9b04a3443167471fa0fc4984188,63113821,-0.2822650010579035,11,327,101
0x7e271c400427ecb727f5fbb27dec69254bce7c4219e95e3535d0ed128f79648a,63109263,0.22995602902651097,349,1709,300
0xaf28b153a45c4647ed76860811f734152e3c93e29c6a4489691954b71716d310,63105673,-0.025953283899608822,14,91,32
0xaf28b153a45c4647ed76860811f734152e3c93e29c6a4489691954b71716d310,63053377,-0.084677493244476,5,42,22
0x7e271c400427ecb727f5fbb27dec69254bce7c4219e95e3535d0ed128f79648a,63047524,-0.02149210807299396,93,863,150
0xf09a476851133706438484a482a809403f5ad3504540df95716a1b1c33bb650d,63024956,-0.030960586238716066,93,380,73
0x7dd5dea2c17e04745e885c0bc85f4b2dd7308cb781c05bf3f453c7dd21a21c7d,63002165,0.6010477765179303,1861,4100,378
0xdee573c34716c200a882fdb5c3daec63cf3c625031c7a3cfbbfd2c2f0875a676,62997077,0.05622833139436348,2,58,22
0x4b7c86491df95f366b31217b2950d2c5136a2f19b6879613eac73d0e69092a1a,62982956,0.04320147138633838,2,87,80
0x6f638b29e275cab8f584df0a4c6a045922217aed8747f2459eedb034abb31ac7,62959527,0.03322297095558652,3,56,10
0xac9ae96f0aade49486abe37152a00a28899e79a63e7e3ca95d1c8c801ce9959d,62959202,-0.245846522904133,1009,3831,2826
0xd2f9ba12e2190800f6c2426055342a0be1863d7b2aba886dab421456489be93e,62920551,1.296544793956852,766,2165,616
0x9009d141e9189ca9d19d565468078383c192c2fa1d6f855957507bf8539643c5,62913349,-0.4366192985756717,549,418,70
0x383957bce2341f59ff97c47eda2ad3b3b839b7050adc8a4747a398abca0ad552,62828210,0.001824138629993581,5,13,2
0xf43d82b2cd4f275c450a897c766935fd1c26330883dabcec0a50ac51196a9de7,62819303,-0.617232416718537,10,621,111
0x6538e2c223ed70228114983afecbe5e69fe627e2fafdf367bdd6bdeff2ad391f,62803830,0.006034262836218158,8,73,30
0x935c1401e40a4eeec0e722f1841cc4be9d7a523cf90cdc52900f9e343304f0fe,62739096,1.3250268629795408,79,1869,924
0x9d7d73d244cb08fe07d0dd8f1b98a693f04e5f26d341d776af538ba112623b2e,62704975,-0.636649046301063,44,184,34
0x41a7a18adc0fad92fc2dd6e16b74610ab68cb4105bf26ea9c7558176ac686947,62690908,-0.13627219433623525,20,102,26
0x8cde4c0932574d589aa2b8009bec7a0d690f68310ff543d7d442f29531e839bc,62656577,-0.28195644710858375,221,1866,446
0xdcdc39739d2b255cd86ba7590a8b7f2ad1c1670353d87f30d2c0ae8e5bd28302,62651561,1.3042646043101511,0,2,0
0xb661a58b43e0bda2925f4d86ae715397e9f9cf1d0dc496f08d8b33fb469850ec,62587157,-0.04487360964514373,12,29,5
0x9306cc2b88e17d05202cefa532d535f4d816b1dcb7b5a68576bf7651240d54f0,62526541,1.3994774066689022,619,2651,740
0xe6db7eb52313a60db450ffe894ef31388a365edbd9d5a6a14a4ad9c1272a9543,62477786,-0.6128533017532307,766,2174,264
0x91f378eebf09f8990938a5b6b85ce43d8ecb3f26abf30cc21e594930e125c213,62411123,-0.27585336874296723,1,173,36
0xc254991533cee44ec12309dddbcfa333a435b556517d42fdb285363fed4e9477,62410264,0.06129404163924819,2,29,5
0x9ee0e829fcdec07734e5e669f6292440b102e49d8ac191f1805281d2c6eed775,62406582,-0.10466542611235234,16,181,43
0xcc9f479bb9d883a00c28299f713e39da1077ae77039c1c08d5f422bfadebe662,62381426,-0.42106982874742377,14,169,35
0xe3dbc727eb65e78d8ba1129c330ce64286e88b93e62f2b76b1cefc063d84fd9e,62364596,4.641902555157878,0,6,0
0x6f638b29e275cab8f584df0a4c6a045922217aed8747f2459eedb034abb31ac7,62354956,-0.06386040618558166,5,84,57
0x9ee0e829fcdec07734e5e669f6292440b102e49d8ac191f1805281d2c6eed775,62329139,-0.2231305923870278,192,986,195
0x0f70c1dc3b8740376c119ad8ce3d329bc3f19f9c3c570b2c6739e6e4f53e4b72,62318202,-0.9694620662783355,604,1321,82
0xcc9f479bb9d883a00c28299f713e39da1077ae77039c1c08d5f422bfadebe662,62306657,0.21846089799349006,301,1792,465
0x11de7647f85f5772f09a2f81872e12993de0ea4fdb3b9df2302ef4da85e6aef0,62269865,-0.019226684626513748,0,28,33
0x83c21859372fe334c6bebfdc32b32a09fd5ae714931f5208d7c02c821919721d,62241042,-0.48961024533922126,4260,4888,1807
0xc749412e31087a6e6f9210af575bc9100159fbc9f45da3ca8b26b31f3bf5777e,62237322,-0.11118608375670117,8,229,66
0xc749412e31087a6e6f9210af575bc9100159fbc9f45da3ca8b26b31f3bf5777e,62236542,-0.09303626302544812,8,231,57
0xdca90997e4fff87d2161f4f0a44d454486afd445b35a0056eea37cfcd52db435,62225120,2.4365496755838665,1048,3864,174
0x6dad65d4233346339a860504514552fa1ac145a2926fbe0bddc490de4e8cd2cd,62215298,-0.32747672889158386,15,224,22
0xc749412e31087a6e6f9210af575bc9100159fbc9f45da3ca8b26b31f3bf5777e,62214544,0.011440219522554298,3,131,102
0xc38c5348dd270352b25cdc1fd5220541da52f8b0dbf15b9110ebe96078816181,62208148,1.5849496603834579,92,543,180
0x17f34a62d4b4687d5cbd9fd81fa88cfff154fec38a7e307c8c80860bd175f7c1,62205849,-0.03501919811430098,1,107,15
0x713aba0fa3f49c07d2f60c064464868ac7798f57c3cd3298f784db8b4054d503,62189462,0.797799401453225,264,1808,575
0x91f378eebf09f8990938a5b6b85ce43d8ecb3f26abf30cc21e594930e125c213,62183645,-0.15107940508453402,637,1079,257
0x91f378eebf09f8990938a5b6b85ce43d8ecb3f26abf30cc21e594930e125c213,62179749,-0.7528383824343491,600,2120,287
0x713aba0fa3f49c07d2f60c064464868ac7798f57c3cd3298f784db8b4054d503,62174033,-0.1552110255060116,869,2535,808
0x713aba0fa3f49c07d2f60c064464868ac7798f57c3cd3298f784db8b4054d503,62172974,-0.36606285522027127,870,2831,824
0x231764ab2a3150a9b9c21c294cfe3269d7ff6933d7bbe4fc56ede6d246cb2bda,62172758,-0.04694749097900403,5,31,4
0x086f510359ad57e4f8588b71ffa21fe29bbed044e4d13aa2f72ecaefeda95a36,62168053,0.05725688776285706,6,88,38
0x086f510359ad57e4f8588b71ffa21fe29bbed044e4d13aa2f72ecaefeda95a36,62166623,0.0827353285181452,7,88,37
0x94caf14c9713e998888a39200a231751bb0b726ff7971ea72f3039a6eb3add79,62162693,-0.020515948050785188,0,1,0
0x67718c0ccde018524fdd20e1f6276faab6fa8e342b0b1b1cc88081a233dcce3f,62162025,-0.2458922772428186,74,283,45
0xab43aa8870ba31a89d744dc53136fc6835eb0f2dd319995bcefcd2fe2463b6c0,62153119,-0.06737402536241,4,36,4
0x74d4410011883ef6cb72c1e1671b8081ead47b294689e8355abe1f01d657e6f6,62091598,-0.11723066294343965,142,1413,629
0x74d4410011883ef6cb72c1e1671b8081ead47b294689e8355abe1f01d657e6f6,62085719,-0.6238002337813395,246,1638,774
0xf41da9759bab833e5ac950eea65f9e43851484cbe88fbdb9dc627b0877fe4da0,62063626,-0.15819321488901897,409,342,102
0x82447ce5c6705eaaf73679033338c77313ef72b404349cc82b6d4b8770c3a849,62024706,-0.10596525995160908,2,41,9
0x7aebd80541bfaaf23dbb6e99ce13d4d31c1a84c91414f971eadbff7db5f85995,62002897,-0.011798547107589388,43,368,65
0x1ec84c7b749c752973a4c320a3713da567b19d2bd1458a37bd06f25c440f08e0,61975583,-0.9186484728417978,56,478,38
0x996f17fac906c9ceaf57beb1aec9a935a26560cbd035da9e34013e9b6153d95a,61974636,-0.2646528489011578,47,216,45
0x44feaa52afe8a83c89b1372cc52d0d1ba013e5c2275156d10b6e834ac21c062b,61911180,0.6330796478391428,8,187,65
0x11de7647f85f5772f09a2f81872e12993de0ea4fdb3b9df2302ef4da85e6aef0,61910868,0.00958612794880703,0,1,0
0x4c25338827fb1227ee9d021320f8c282d613ecf8180cbfdf3e27e5a764c978ff,61891130,-0.27473772049828343,149,758,195
0x7aebd80541bfaaf23dbb6e99ce13d4d31c1a84c91414f971eadbff7db5f85995,61835790,-0.0056335296950446034,88,330,94
0x851dbb3bbab5331d394c5d558a8fae3580afa5165fd612db875827f838ee68b1,61807433,-0.22254114490435728,162,769,193
0xfaf0d4093602eb2d7f80ce7ba50cffaeece9c5d546b6df363107779e5ff553aa,61753087,-0.5414823034735484,24,186,80
0x6d6e25a50843dad7cd400f43ea3f4ab52d1c0d4871e9adf6d4cae58645f31d07,61737968,-0.009294457624562302,1,12,6
0x7c10ec07217e762fc14f23a512a82d8776991208bfd16e5c47f16d2ec2eb226d,61685990,-0.3150338762438719,15,74,17
0xa8be680ba766b363d09846117f744cbc115244f0abf723b8d80243dd728a2d11,61577990,-0.05894949972996544,6,75,26
0xbc89e0122c041f52f896bd1ae08a7634db242ec414bfba84aa1b9fd55966da52,61571210,0.07093730653563826,65,1971,271
0x0c61eea18f6a20dd0d83b79a8e70dfc1f9102f21117e64d4a732bed261e52d0f,61554752,0.3697607107172943,173,2369,1423
0x0c61eea18f6a20dd0d83b79a8e70dfc1f9102f21117e64d4a732bed261e52d0f,61551518,1.1041648489859532,260,2472,1773
0xd06284b9692c41f95436e80de3032cacc669cebe088b1a4d934caa0bd0697655,61530715,0.16094398322999195,29,155,48
0xd06284b9692c41f95436e80de3032cacc669cebe088b1a4d934caa0bd0697655,61495074,-0.04111996295605245,139,1913,572
0x7e271c400427ecb727f5fbb27dec69254bce7c4219e95e3535d0ed128f79648a,61436750,0.11711168976526273,0,151,63
0x9ee0e829fcdec07734e5e669f6292440b102e49d8ac191f1805281d2c6eed775,61406529,-0.2753662130906451,788,2129,429
0x7e8bf569a8efbeefc1d370434365d8ca9a273ac5224b825217ec1743c7f0fdca,61387619,0.014796225612976695,0,7,1
0xa8be680ba766b363d09846117f744cbc115244f0abf723b8d80243dd728a2d11,61326169,-0.04249105814237491,45,204,59
0x38f8340bf934ac99f5c0ad624cc73cb0ab64c4bb9c26cca915b6f4b331691850,61289528,-0.22455898943618144,3,90,15
0xc9b1ff65c2a432d81e6c6c8fd29168c2eb82bbc2ccbcc176c60d60a8428644d0,61264987,-0.12294931804242565,28,592,102
0xdee573c34716c200a882fdb5c3daec63cf3c625031c7a3cfbbfd2c2f0875a676,61248598,-0.21681722540338472,154,836,112
0xff0aa5f0acd38204bcf7113cc8027b7269b34c675248129fff74371d7d2197b9,61237343,-0.06964690241871545,0,37,13
0x086f510359ad57e4f8588b71ffa21fe29bbed044e4d13aa2f72ecaefeda95a36,61236721,-0.062373726016537415,25,216,95
0x351f6f51c9a8a2877206cda49a38e5dca8ff051c393c22c81f572f6dd01d24cd,61235749,-0.980269178079997,578,2346,20
0x0688e65da58f50858f1c0b35b79cd703987f398104bbc910aed245c42a279f5c,61229939,-0.33749144359828526,443,2893,999
0x225cc98f7d66b29fef96377becc7bf89582e2ab7b923a09aee9719fd80eb94ca,61228297,0.041675708029755655,1,17,8
0xdee573c34716c200a882fdb5c3daec63cf3c625031c7a3cfbbfd2c2f0875a676,61221627,0.3802547034566732,188,1403,394
0xc9b1ff65c2a432d81e6c6c8fd29168c2eb82bbc2ccbcc176c60d60a8428644d0,61195797,0.09654087858837052,2156,6093,1200
0x5ab4178474bbe0737a2e5013608669d3f4e066397e2de9f3fd74d2701bbd9be7,61192323,-0.5667544620819368,646,2776,2040
0xc930174a14975ebeaeaa13ffd1994debadcb8224efabe88c01c66057dd4e7000,61182652,0.17130621510518534,7,648,162
0xe741cb4b3b7b1c6870fd1d0937a937253964d51ef847886f2543ff5af6899d10,61130032,0.05274626812045604,1,5,12
0x0595d2d57e62669ce766e5f057362583ee741f492de09a7158261df24799de07,61114145,-0.06641398776183773,11,108,11
0x5bfc483992fec583051b50c3ba390046bd81a9b6aa94eaaade4a00724f40c977,61112921,-0.14241910503126934,0,251,5
0xc7d7b902394394ff6e07b82a55b5efa051bc9c16497e20baf4f1c1796ad99f08,61092638,-0.41921658538632794,13,119,41
0x0423fcbbfb7b8d443177d6843dd2f175c5928fe7d6e93aa163ea6f2958714e29,61085669,0.2907210873643518,16,244,97
0x0423fcbbfb7b8d443177d6843dd2f175c5928fe7d6e93aa163ea6f2958714e29,61032329,0.08194471093464581,16,218,48
0x7e271c400427ecb727f5fbb27dec69254bce7c4219e95e3535d0ed128f79648a,61000907,0.04069919335838399,30,256,63
0xaf28b153a45c4647ed76860811f734152e3c93e29c6a4489691954b71716d310,60951504,-0.33569807338681623,10,292,77
0x64c5dbbee60473344dc6f7b11391ff9c7bb7464c0d5ecfb0d311ff26df9f8c77,60917583,0.004817461979949099,1,9,2
0x6956ad626704d890e90601e4a7497e6b6a34220ef4016795f3f8031449fb5303,60872912,-0.11656268624996191,2,17,5
0xde2c6f9b3702cd90f3a30b4a8443daa58dddd89dd413f5ededda029b337d6c4b,60856662,0.45007189012941345,644,1842,486
0x0423fcbbfb7b8d443177d6843dd2f175c5928fe7d6e93aa163ea6f2958714e29,60842374,0.7323053999518899,66,1197,589
0x7aebd80541bfaaf23dbb6e99ce13d4d31c1a84c91414f971eadbff7db5f85995,60793967,0.05824867725002942,81,739,208
0x6538e2c223ed70228114983afecbe5e69fe627e2fafdf367bdd6bdeff2ad391f,60786521,-0.07934291262763524,65,428,148
0xbacecf788d2279f65da62d7bf69f4de28580a88bec56847c8d2ba6fbdd73f6eb,60764435,-0.08327799207666411,1,3,2
0x5846268ea3de08b15b5ef1d0092eee66a8b5843902ab79b5f2d9eea1bf1d0468,60747683,-0.05549098318958765,12,64,15
0x2202c667c036b29394d6bf839d6889984987f85ef8892fee323e068953dfcfc2,60742928,0.04413676605582346,9,47,24
0x455f33d6ff2e59696655a7f7a1350873a072867a125bd00d89ad5adc1f17a5c0,60727966,0.9807603445490133,315,1000,211
0xd1c2f6cb178a165a643deae8752098dea08d51b6170cd8e36e196ef03dc74751,60727825,0.12137340827342333,9,123,39
0x2e152bc12f30bd46eb39f0ead2367df62b9572ba3a2d54ea3e3aca43c00ae9f6,60719331,0.06597112860427543,3,17,2
0xaf28b153a45c4647ed76860811f734152e3c93e29c6a4489691954b71716d310,60717239,1.038679614889758,297,1497,537
0xaf28b153a45c4647ed76860811f734152e3c93e29c6a4489691954b71716d310,60717020,1.050125536866088,300,1526,507
0xaf28b153a45c4647ed76860811f734152e3c93e29c6a4489691954b71716d310,60716739,0.7243878551148861,332,1546,495
0xc218e2ea7aba9a20e324dbe391dc5e712341195ff24b3d78ba70ae836740a916,60710789,1.3498056334087003,936,1121,217
0xaf28b153a45c4647ed76860811f734152e3c93e29c6a4489691954b71716d310,60694263,-0.4523831174038806,84,2124,1783
0xbd28681e60c527173cef19fc91667567e2d7d12537c9c4ff41a1f60967bdab6c,60678791,-0.6117384210706762,0,191,48
0x02bd70a56dc8f654854c8e6eb2cd7ff67184e986b3d521880e09d728b6f22787,60676886,2.032866302788625,706,1986,656
0xffc4d9841da89b50b4a49efefaf195ea767ec575c26edbdbf6a6907fa09bc818,60671304,-0.008025937543592978,0,1,0
0xebedb7d96a37241b018d5aa54370c479dfcb44b80499f55bda589eebb2848c6f,60660746,0.6200783685751258,327,890,79
0x6e40cd967162fb4430c8b5ae934b40d10375c2812986fb9a7d2f04340631de28,60658006,-0.4303961183373729,339,1440,580
0x6e40cd967162fb4430c8b5ae934b40d10375c2812986fb9a7d2f04340631de28,60652848,-0.11578415874159786,540,1952,959
0x6e40cd967162fb4430c8b5ae934b40d10375c2812986fb9a7d2f04340631de28,60652484,-0.28974386720170553,620,1984,871
0x7aebd80541bfaaf23dbb6e99ce13d4d31c1a84c91414f971eadbff7db5f85995,60639900,-0.024979433334833562,29,4204,1414
0xcde4d35e341901bc0308c2ffc789448ccd0f238a59597fe702e6710484b9c370,60638895,0.0388037732855616,4,43,3
0x29a424ad09382763fb034cfea00fcb4f0804dcaaedfb849c668957aadbd194c7,60623615,-0.2762799158566958,44,220,41
0x7fb39eb653999feb9f0d3b1410848911383dfc681f3585229df4aa5b560bf0ba,60612189,-0.01100851137953173,64,271,52
0x7fb39eb653999feb9f0d3b1410848911383dfc681f3585229df4aa5b560bf0ba,60611986,-0.010736292953675206,40,294,53
0x856ecc1a15e73047d953310ad86d747dbb6e793edcbc13eb6c14b04e9829c57a,60602631,0.2439273040216803,0,38,17
0x7aebd80541bfaaf23dbb6e99ce13d4d31c1a84c91414f971eadbff7db5f85995,60552444,-0.018053714586265687,43,295,91
0xa8be680ba766b363d09846117f744cbc115244f0abf723b8d80243dd728a2d11,60542534,0.4043815914535655,16,110,74
0xc753cccc966795fd6af242987f71b9a41033efa59da42515720be5c19dc92073,60531274,-0.49000288941772246,255,1574,327
0x170cd83bdb08dc86e24636ce8f37025f5bb72105feee620740556fed746a317d,60528529,-0.7112122501318267,668,3616,1850
0x70e9ca85a97a8a3c7aeb5b1343b2b3f9bc4fad5d4f6c1b1418dcb6c3cd554570,60525739,1.2149822305700884,8,53,0
0xa8be680ba766b363d09846117f744cbc115244f0abf723b8d80243dd728a2d11,60492964,0.03437290014059495,78,507,87
0xf1897bd1208447029208b1ec224cefd8abab6edcc62e8a54bc598a13d7b5978c,60474348,0.16418592238362129,1,13,2
0x98de0254de7504713f96313aadd209771cdec57a7d549a9036f53944640495aa,60472760,0.08586500604169482,6,17,0
0x7e271c400427ecb727f5fbb27dec69254bce7c4219e95e3535d0ed128f79648a,60469185,0.1343768168676049,433,2176,438
0x7aebd80541bfaaf23dbb6e99ce13d4d31c1a84c91414f971eadbff7db5f85995,60461452,0.041513668468943894,110,6174,3446
0x90e8a9dc46812dad79850a9dc80c41183d0402e163c1d2dc51b85449b5bd9e19,60444499,-0.06970786736044686,5,94,86
0x47631aedb7cc03d2f0d2452dd94fee1f1a149a3792fe9a2b413d4394a1a0f2a4,60439095,-0.31658737862228264,38,157,47
0xc39187cec78a076c41a4085598b4cc05be2ed9b04a3443167471fa0fc4984188,60438699,-0.10969227899423349,43,559,92
0x377c3d0051c9a997bb68c68e8aca0160d31e4760e728aaca17ab47322237b413,60436737,5.159961983569563,11,21,0
0xc749412e31087a6e6f9210af575bc9100159fbc9f45da3ca8b26b31f3bf5777e,60306234,0.14301349292032836,29,373,87
0xc749412e31087a6e6f9210af575bc9100159fbc9f45da3ca8b26b31f3bf5777e,60281460,-0.11457432362423849,26,418,108
0xe50dcb9c75ae04e4ad87b0699eacb952e60cdde4c41148926f71413dad76110b,60280567,-0.07484713864591451,0,0,0
0xfec7b1efe77aa60887986db5bcbfff39ca40b56d964bb8ce3d9dd0d9baaca4d4,60261165,0.06059539731110631,2,111,11
0x24c2a4cabfb5d4fa57202c7c888641ed5123a6ecfea76cdff685530aaa185c21,60257832,-0.665968007419918,155,2089,387
0x7aebd80541bfaaf23dbb6e99ce13d4d31c1a84c91414f971eadbff7db5f85995,60176825,-0.0225789655713857,11,199,38
0x29a424ad09382763fb034cfea00fcb4f0804dcaaedfb849c668957aadbd194c7,60116466,-0.06840765200284481,16,180,44
0x7e271c400427ecb727f5fbb27dec69254bce7c4219e95e3535d0ed128f79648a,60097026,0.06512380983763519,1559,2301,417
0xfcada2212dc41a40d8a96e92d0d3a5bc355fa6b1875ff453bb62a3793879545f,59965110,-0.5446158590009168,536,3535,1166
0xfcada2212dc41a40d8a96e92d0d3a5bc355fa6b1875ff453bb62a3793879545f,59950148,1.3193756107360244,705,8562,1919
0xfec7b1efe77aa60887986db5bcbfff39ca40b56d964bb8ce3d9dd0d9baaca4d4,59919550,-0.07729572704355706,3,91,29
0x29a424ad09382763fb034cfea00fcb4f0804dcaaedfb849c668957aadbd194c7,59910482,0.27306666267431995,55,653,159
0x230247316909abf225c50d64c9ec36c16c60a621c06f811bdef4c4e34d20852d,59908867,-0.6837268727039161,532,2830,463
0x230247316909abf225c50d64c9ec36c16c60a621c06f811bdef4c4e34d20852d,59899432,-0.48493375468439154,1515,6537,2174
0x7aebd80541bfaaf23dbb6e99ce13d4d31c1a84c91414f971eadbff7db5f85995,59896685,0.0004181552731982492,21,212,110
0xe09b664c2c00e55ec97aefd141c2c36891de95fc5b7dc34dad37642fe7f6bbbe,59881156,1.2600427436722592,269,1998,887
0x6f638b29e275cab8f584df0a4c6a045922217aed8747f2459eedb034abb31ac7,59880951,0.40454809948759446,2203,4811,1199
0x0dc5b955a54f987cb2948b614b9f607c5aa75e9837f3c9cdc7024b2c3729e937,59878305,-0.08418574330134088,13,134,45
0x0dc5b955a54f987cb2948b614b9f607c5aa75e9837f3c9cdc7024b2c3729e937,59873879,-0.20655520155635831,5,146,32
0x46ba8216b5d05ff33427b976663836ec5b34b3e261f374f9a5e773d776d3af85,59867871,-0.11007416430055472,3,123,109
0xb7ba4f6eff451f4cfcc4d1187af8c6816665db3c82311ab1adf4501f609241f7,59809039,-0.018331707731140956,32,101,30
0x6f638b29e275cab8f584df0a4c6a045922217aed8747f2459eedb034abb31ac7,59796886,0.3666980710160082,353,2009,387
0x255cce38af51f693038110410f0c3d111698945eb5f9aec414af11ec9b9bcf44,59796676,-0.1298353103873972,145,565,151
0xa3b88a160e23b593a80bed0e986a3c8e0ae0bbe224f1dd819b26422dec276296,59795847,-0.018848523373605576,0,15,6
0x7aebd80541bfaaf23dbb6e99ce13d4d31c1a84c91414f971eadbff7db5f85995,59789180,0.00801236496665258,40,890,120
0x231764ab2a3150a9b9c21c294cfe3269d7ff6933d7bbe4fc56ede6d246cb2bda,59776185,-0.13601238453148556,13,51,44
0x255cce38af51f693038110410f0c3d111698945eb5f9aec414af11ec9b9bcf44,59767342,-0.7711055354942812,2287,6264,921
0x255cce38af51f693038110410f0c3d111698945eb5f9aec414af11ec9b9bcf44,59765617,-0.6236624711039521,2123,7316,1250
0x7fb39eb653999feb9f0d3b1410848911383dfc681f3585229df4aa5b560bf0ba,59758828,-0.009266317949060568,24,545,258
0x29a424ad09382763fb034cfea00fcb4f0804dcaaedfb849c668957aadbd194c7,59738989,-0.26785112932630606,48,564,93
0x6d56f66e52e63e8be558d708a987426314bb4de92bc9b43a44effee1f2abf317,59733334,-0.12169559160715396,47,193,34
0x7fb39eb653999feb9f0d3b1410848911383dfc681f3585229df4aa5b560bf0ba,59726896,-0.013148929168479118,153,960,305
0x04eda7a114721f279fefe9c9bbac805ff45f76591389d119eebbc91d96ab4673,59722275,0.4306111053571385,2047,2400,767
0x6f97f95759ffcce8a2b3f0b666dde8e05cbd895712245b5a5708c2603bd9105d,59717696,0.06558414562531785,480,1469,181
0x6f97f95759ffcce8a2b3f0b666dde8e05cbd895712245b5a5708c2603bd9105d,59716587,-0.13258700915589663,351,1689,204
0x6d56f66e52e63e8be558d708a987426314bb4de92bc9b43a44effee1f2abf317,59714170,0.2543536201474362,4,473,160
0x7fb39eb653999feb9f0d3b1410848911383dfc681f3585229df4aa5b560bf0ba,59711612,-0.006416896160645751,202,2086,749
0x6f638b29e275cab8f584df0a4c6a045922217aed8747f2459eedb034abb31ac7,59704508,-0.261383466176233,128,1066,594
0x6f638b29e275cab8f584df0a4c6a045922217aed8747f2459eedb034abb31ac7,59698789,0.2292655342160353,74,1196,453
0x0dc5b955a54f987cb2948b614b9f607c5aa75e9837f3c9cdc7024b2c3729e937,59693097,1.2238799483923737,344,5924,829
0x29a424ad09382763fb034cfea00fcb4f0804dcaaedfb849c668957aadbd194c7,59648510,-0.0033481662791572716,110,822,221
0x25c0dad350613a02f2c0843f02dd15c30c45e20417909bef8a6311d54dc4d43a,59648243,0.38648153048805894,23,151,121
0xd18214934f4f7eaa63a12d6485d670de2e4c61b25ed3005ac2896ac94be73b8b,59623384,-0.9364968026073682,596,1185,132
0x29a424ad09382763fb034cfea00fcb4f0804dcaaedfb849c668957aadbd194c7,59578414,-0.13814951273564538,63,1898,144
0x29a424ad09382763fb034cfea00fcb4f0804dcaaedfb849c668957aadbd194c7,59561683,-0.3699364740117074,276,867,283
0xdba909ac1600a59685928cf317fb953d518d405b4748371889e3cb2932adf4c2,59511112,0.06278845166224592,5,83,28
0xfad0b2c67dd7750f4f9392361ea1567db57b87ac015bfc519960089e73df2f15,59508434,0.2718347645942678,1014,6844,2230
0xfad0b2c67dd7750f4f9392361ea1567db57b87ac015bfc519960089e73df2f15,59505270,0.9777403427914589,1066,7671,3165
0xfad0b2c67dd7750f4f9392361ea1567db57b87ac015bfc519960089e73df2f15,59499871,0.6919045422567573,2286,9991,2431
0xfad0b2c67dd7750f4f9392361ea1567db57b87ac015bfc519960089e73df2f15,59498147,1.3320408208562295,1666,11004,2865
0xfad0b2c67dd7750f4f9392361ea1567db57b87ac015bfc519960089e73df2f15,59497330,1.5714535729112697,1321,11532,3245
0xfad0b2c67dd7750f4f9392361ea1567db57b87ac015bfc519960089e73df2f15,59494214,5.706359415790615,745,12349,3853
0xa656346c328c7185f783e78936b68eb5868aa9cf5809260320b279f7e13790fc,59407476,-0.09575873354709226,0,45,21
0x9efa53a212ab6f6a8db791e62bc14afebaf0dd5eb4ae152018835522d08b8ae6,59370307,0.19525162847372707,435,3274,907
0xff0aa5f0acd38204bcf7113cc8027b7269b34c675248129fff74371d7d2197b9,59297338,-0.11145598218594244,8,78,11
0xff0aa5f0acd38204bcf7113cc8027b7269b34c675248129fff74371d7d2197b9,59234470,-0.06927550058002276,8,56,17
0xff0aa5f0acd38204bcf7113cc8027b7269b34c675248129fff74371d7d2197b9,59162444,-0.14005206832819256,7,76,19
0x4b7c86491df95f366b31217b2950d2c5136a2f19b6879613eac73d0e69092a1a,59142230,-0.02421463618515934,2,35,5
0xe741cb4b3b7b1c6870fd1d0937a937253964d51ef847886f2543ff5af6899d10,59139394,0.04118073010448138,1,27,6
0x553be187de6ea1387b087e782cad8c2d75c2c5207acd5689f223b0c92a09cc8e,59114077,-0.8504635177701012,222,1858,237
0x29a424ad09382763fb034cfea00fcb4f0804dcaaedfb849c668957aadbd194c7,59079783,0.5149935466137806,1063,6137,1646
0x4b7c86491df95f366b31217b2950d2c5136a2f19b6879613eac73d0e69092a1a,59053322,0.010228544661483806,30,183,21
0x4b7c86491df95f366b31217b2950d2c5136a2f19b6879613eac73d0e69092a1a,59051972,0.0744007054042615,26,201,20
0xfbadffca5e8dfa71f33f9cd22bb5ceaab6ad9e17b6f1ce8f0c21012bac3e2db3,59049753,0.29491604273733146,234,1461,355
0x46ba8216b5d05ff33427b976663836ec5b34b3e261f374f9a5e773d776d3af85,59048805,0.0035920681853784347,13,59,6
0x7aebd80541bfaaf23dbb6e99ce13d4d31c1a84c91414f971eadbff7db5f85995,59029744,0.014095506640274902,20,340,78
0x9dbc6b9fc114a17529e8cc9148819766ccff71f7f45aced36f0a8beeeaacc1af,58971455,0.2630294072127153,3,65,16
0xd044036f6d45e5c0ebd5861022ea20535538f3fb4ed53e4c135d1cf4f46b5cce,58956045,-0.03006400171929015,2,30,9
0xc749412e31087a6e6f9210af575bc9100159fbc9f45da3ca8b26b31f3bf5777e,58902141,0.15919183672071877,6,117,18
0x7aebd80541bfaaf23dbb6e99ce13d4d31c1a84c91414f971eadbff7db5f85995,58879413,-0.07065201076303315,46,533,250
0xfbadffca5e8dfa71f33f9cd22bb5ceaab6ad9e17b6f1ce8f0c21012bac3e2db3,58852511,-0.4324253221521779,14,334,181
0x06e308b77bdafd691d179645296ce8c40e33c6af4a879a913efc7eedc402581c,58826674,0.22725217612140564,9,198,108
0x935c1401e40a4eeec0e722f1841cc4be9d7a523cf90cdc52900f9e343304f0fe,58801616,0.14889025082667326,7,132,26
0xbacecf788d2279f65da62d7bf69f4de28580a88bec56847c8d2ba6fbdd73f6eb,58736700,0.0054044998522266045,2,4,5
0xa803133b9b7d895d9cb88ca25d73ccdd798d098bc1773d09b17319fa21007dae,58736506,-0.43165943856724315,179,732,243
0x9d25d4de3075afedb50fd7e215193312c799e1a5e341faf5d8565a8f76de1951,58736207,-0.9604891486382208,1578,1652,29
0xabaafb29456cd11b8304fc49f0a69c98c78093e7ed277bbae851bd2aa84c0983,58702849,-0.7269774514475161,3,141,71
0xc39187cec78a076c41a4085598b4cc05be2ed9b04a3443167471fa0fc4984188,58689110,0.031368859803726036,1,42,29
0x348ab39ac8dd04c1ff8ef8cbb8b60db84513a27f5a4289a2ce7dd0e70f658a12,58638723,-0.014003357700583524,0,2,0
0x15a09db785c7b5fc9d794f685a04e4ad38842a2035b9a8fab17909c0e54c425f,58627762,-0.2271480677121835,20,415,203
0xab43aa8870ba31a89d744dc53136fc6835eb0f2dd319995bcefcd2fe2463b6c0,58537155,0.24880208632901707,13,191,29
0x6672f040e605b0a30cdbdc9f2bf0b5436711fe3fe7b03ba4b12a4352258b6e88,58524668,-0.6755914936920323,2369,7652,1810
0x09f1490404c027ed4b6e80e1e48627fbcb01b51fd079e298b8868cecb9c4b572,58516869,0.036840389273549545,48,1046,279
0x4cb61eace9155def3794461562828b1d0e02add2927f0ced4f2416fb218d8789,58476037,-0.24658497761284234,8,123,99
0xeb2e79375754bcc8413ffb3477be3e3cdaf6cf954af99f33477897ea83f12a21,58440973,-0.4473959342627567,557,1573,331
0x6265a58d25c30c3ddf92e7e030e982a3e8d6b9e784529d01ac85a1e7cbb61332,58399040,-0.04384141706297946,5,74,20
0xe741cb4b3b7b1c6870fd1d0937a937253964d51ef847886f2543ff5af6899d10,58394449,-0.05162052006783487,22,138,44
0x999a38409abb48656f0745db2656781898268784871d76c59f12871bbfead18c,58326961,-0.49889091219627957,1602,5793,727
0x383957bce2341f59ff97c47eda2ad3b3b839b7050adc8a4747a398abca0ad552,58319084,0.045257054852609786,1,51,9
0xfbadffca5e8dfa71f33f9cd22bb5ceaab6ad9e17b6f1ce8f0c21012bac3e2db3,58286446,-0.028231086214723793,116,2008,704
0x25e53c08633b9474f3491e4c6abeb6fa6210f8d5c122931679aa498aeab0ed09,58257787,0.022922426996620584,89,433,155
0xfbadffca5e8dfa71f33f9cd22bb5ceaab6ad9e17b6f1ce8f0c21012bac3e2db3,58253851,-0.30457803596048194,273,2251,860
0x7aebd80541bfaaf23dbb6e99ce13d4d31c1a84c91414f971eadbff7db5f85995,58249507,-0.009526469625839059,10,162,50
0xfbadffca5e8dfa71f33f9cd22bb5ceaab6ad9e17b6f1ce8f0c21012bac3e2db3,58237675,0.024737959030407364,1821,6007,949
