family,n,per_day,m50,t50,m100,t100,m250,t250,m500,t500,m1000,t1000,m2000,t2000,m5000,t5000,m10000,t10000,m30000,t30000,m60000,t60000,x1000,tx1000,x5000,tx5000,x10000,tx10000,x30000,tx30000,x60000,tx60000,mfe10s_med,mae10s_med,mfe60s_med,mae60s_med,p_reversal_60s,p_cont_60s,impact_ticks_per_100lots_1s,best_abs_tradable_ticks,best_h_ms,best_over_friction_NQ,month_sign_consistency,strata_best_h
BASE_every1000th_trade_dir=aggr,66663,476.2,0.555,17.6,0.551,15.4,0.55,11.4,0.51,9.5,0.787,2.9,0.613,2.2,0.728,2.6,0.553,1.6,0.427,0.7,0.605,0.6,0.128,0.5,0.144,0.6,-0.026,-0.1,-0.157,-0.3,0.053,0.1,11.5,10.5,28.5,27.5,0.492,0.496,3.78,0.157,30000,0.058,6/7,"{'eth': {'mean': -0.536, 'n': 18770}, 'rth_close': {'mean': -0.519, 'n': 6985}, 'rth_mid': {'mean': -0.022, 'n': 26850}, 'rth_open': {'mean': 0.473, 'n': 14058}}"
E10_failed_continuation_2s(dir=reverse),2470,17.6,-0.052,-0.7,-0.053,-0.4,0.072,0.4,0.335,1.1,0.469,0.9,0.566,1.2,0.753,1.2,1.935,1.5,2.794,1.6,2.917,1.4,0.319,0.8,0.946,1.4,2.028,1.6,2.455,1.4,3.17,1.5,15.5,14.5,34.5,35.5,0.48,0.513,2.72,3.17,60000,1.174,4/7,"{'eth': {'mean': 7.193, 'n': 451}, 'rth_close': {'mean': -7.946, 'n': 315}, 'rth_mid': {'mean': -2.451, 'n': 1007}, 'rth_open': {'mean': 7.733, 'n': 697}}"
E11_flow_exhaustion_2s(dir=orig),100,0.7,0.015,1.0,0.023,0.3,0.028,0.4,-0.849,-3.2,-0.569,-1.3,0.344,0.3,-0.962,-0.6,-0.956,-0.3,-2.667,-0.7,-3.562,-0.8,0.018,0.0,-1.395,-0.7,-1.282,-0.4,-2.505,-0.7,-3.69,-0.8,5.5,8.5,21.0,17.5,0.5,0.49,-1.925,3.69,60000,1.367,3/7,"{'eth': {'mean': -2.291, 'n': 55}, 'rth_close': {'mean': -19.0, 'n': 3}, 'rth_mid': {'mean': 8.472, 'n': 36}, 'rth_open': {'mean': -39.333, 'n': 6}}"
E12_immediate_reversal_1s(dir=new),8,0.1,0.375,0.2,1.375,0.3,9.0,2.6,11.0,2.6,2.0,0.4,-17.625,-1.1,0.125,0.0,17.5,0.9,3.5,0.1,10.875,0.3,-12.625,-1.5,-7.875,-0.4,5.375,0.3,-6.5,-0.3,1.375,0.0,46.5,34.5,68.5,65.0,0.5,0.5,1.024,12.625,1000,4.676,3/5,"{'eth': {'mean': -12.333, 'n': 3}, 'rth_close': {'mean': -1.0, 'n': 1}, 'rth_mid': {'mean': 2.0, 'n': 1}, 'rth_open': {'mean': -21.667, 'n': 3}}"
E1_same_side_run_k16,415984,2971.3,0.936,26.4,0.904,21.3,0.846,15.2,0.761,13.8,0.828,14.1,0.675,10.2,0.409,4.5,0.216,1.8,-0.177,-1.1,-0.399,-1.9,-0.098,-2.8,-0.465,-8.9,-0.643,-7.2,-1.033,-7.1,-1.248,-6.4,12.5,11.5,29.5,28.5,0.503,0.487,3.318,1.248,60000,0.462,7/7,"{'eth': {'mean': -1.299, 'n': 124067}, 'rth_close': {'mean': -0.112, 'n': 41067}, 'rth_mid': {'mean': -1.034, 'n': 164851}, 'rth_open': {'mean': -1.193, 'n': 85999}}"
E1_same_side_run_k32,64356,459.7,0.719,4.2,0.935,5.2,1.039,4.8,1.035,5.1,1.261,6.5,0.901,5.2,0.634,2.3,0.383,1.0,-0.164,-0.3,-0.33,-0.4,0.033,0.2,-0.474,-2.7,-0.692,-2.3,-1.179,-2.0,-1.373,-2.1,14.5,13.5,31.5,31.5,0.51,0.48,2.376,1.373,60000,0.509,6/7,"{'eth': {'mean': -1.246, 'n': 18337}, 'rth_close': {'mean': -0.052, 'n': 6876}, 'rth_mid': {'mean': -1.276, 'n': 25787}, 'rth_open': {'mean': -0.251, 'n': 13356}}"
E1_same_side_run_k8,1988892,14206.4,0.797,37.8,0.758,31.9,0.676,27.4,0.606,21.9,0.613,20.2,0.521,15.5,0.359,10.0,0.222,3.5,-0.026,-0.3,-0.137,-1.1,-0.09,-6.4,-0.333,-10.9,-0.469,-7.1,-0.704,-6.8,-0.806,-6.4,11.5,10.5,28.5,28.5,0.496,0.492,3.781,0.806,60000,0.299,7/7,"{'eth': {'mean': -0.82, 'n': 581114}, 'rth_close': {'mean': -0.279, 'n': 201794}, 'rth_mid': {'mean': -0.515, 'n': 795486}, 'rth_open': {'mean': -0.6, 'n': 410498}}"
E2_arrival_accel_p99,1978,14.1,0.971,2.6,2.238,5.2,3.73,6.5,4.24,5.4,5.326,5.7,5.769,5.5,4.987,3.5,5.503,3.3,5.888,2.2,5.86,1.7,1.905,2.8,1.418,1.1,2.029,1.2,2.072,0.8,1.979,0.6,30.5,27.5,53.5,46.0,0.51,0.484,3.131,2.072,30000,0.767,3/7,"{'eth': {'mean': 7.93, 'n': 285}, 'rth_close': {'mean': 0.278, 'n': 543}, 'rth_mid': {'mean': -0.656, 'n': 655}, 'rth_open': {'mean': -2.889, 'n': 495}}"
E2_arrival_accel_p999,104,0.7,0.404,0.4,1.351,1.1,-0.235,-0.2,-1.112,-0.6,1.078,0.5,-1.118,-0.4,-5.948,-1.2,-10.102,-1.4,-15.018,-1.7,-13.323,-1.2,-0.612,-0.3,-6.135,-1.1,-9.03,-1.4,-14.675,-1.7,-16.572,-1.5,26.0,29.0,41.0,52.5,0.596,0.404,0.365,16.572,60000,6.138,5/7,"{'eth': {'mean': -32.727, 'n': 22}, 'rth_close': {'mean': -5.256, 'n': 43}, 'rth_mid': {'mean': -53.0, 'n': 22}, 'rth_open': {'mean': 7.882, 'n': 17}}"
E3_signed_vol_1s_p99,4870,34.8,2.437,4.9,3.314,5.3,4.515,7.4,4.873,7.4,5.455,7.5,5.15,6.6,3.61,4.1,2.943,2.2,1.919,1.2,2.51,1.3,0.694,1.9,-0.862,-1.4,-1.655,-1.4,-2.463,-1.7,-2.013,-1.1,23.5,19.5,43.5,38.5,0.506,0.484,3.327,2.463,30000,0.912,5/7,"{'eth': {'mean': -2.851, 'n': 897}, 'rth_close': {'mean': 3.475, 'n': 636}, 'rth_mid': {'mean': 0.649, 'n': 1970}, 'rth_open': {'mean': -3.426, 'n': 1367}}"
E3_signed_vol_1s_p999,332,2.4,-0.561,-0.4,2.234,1.3,10.798,4.1,12.367,3.7,12.991,3.9,13.739,4.3,14.6,3.5,9.926,2.2,8.116,1.5,10.52,1.8,1.043,0.4,2.817,0.8,0.241,0.1,-2.743,-0.5,-0.536,-0.1,39.5,24.0,62.5,41.5,0.464,0.53,2.638,2.817,5000,1.043,5/7,"{'eth': {'mean': 11.862, 'n': 58}, 'rth_close': {'mean': 3.786, 'n': 42}, 'rth_mid': {'mean': 8.138, 'n': 130}, 'rth_open': {'mean': 1.863, 'n': 102}}"
E4_large_print_ge100,608,4.3,5.018,8.4,5.323,8.8,5.585,8.6,6.442,8.6,7.372,9.2,7.617,7.9,9.088,5.8,9.98,5.3,9.91,3.4,11.322,3.4,2.076,3.2,3.553,2.6,4.643,2.5,4.558,1.6,5.774,1.8,22.5,8.5,40.5,24.5,0.434,0.554,2.673,5.774,60000,2.139,5/7,"{'eth': {'mean': 7.751, 'n': 173}, 'rth_close': {'mean': -0.594, 'n': 64}, 'rth_mid': {'mean': 5.828, 'n': 262}, 'rth_open': {'mean': -4.119, 'n': 109}}"
E4_large_print_ge20,19738,141.0,2.196,19.6,2.295,18.1,2.465,15.8,2.55,14.4,2.748,13.4,2.52,11.6,2.574,9.6,2.739,8.3,2.58,3.6,2.862,3.4,0.134,1.3,0.206,1.0,0.229,0.8,0.154,0.2,0.4,0.5,14.5,10.5,32.5,27.5,0.482,0.508,3.873,0.4,60000,0.148,3/7,"{'eth': {'mean': -1.025, 'n': 6264}, 'rth_close': {'mean': -2.516, 'n': 2184}, 'rth_mid': {'mean': 0.907, 'n': 7462}, 'rth_open': {'mean': -0.646, 'n': 3828}}"
E4_large_print_ge50,2863,20.4,3.906,11.4,4.189,11.4,4.256,10.4,4.334,9.5,4.236,8.6,3.607,6.6,3.833,5.9,4.713,5.3,4.189,3.2,5.786,3.5,-0.272,-0.8,-0.269,-0.5,0.426,0.5,-0.031,-0.0,1.595,1.0,16.5,10.5,33.5,26.5,0.457,0.534,2.891,1.595,60000,0.591,3/7,"{'eth': {'mean': 3.096, 'n': 872}, 'rth_close': {'mean': -2.111, 'n': 314}, 'rth_mid': {'mean': 3.196, 'n': 1167}, 'rth_open': {'mean': -1.794, 'n': 510}}"
E5_large_seq_2x20_1s,2433,17.4,1.579,4.2,1.539,3.4,1.69,3.5,1.497,2.4,1.882,2.4,1.718,2.1,1.57,1.4,1.201,0.7,-1.261,-0.6,-1.487,-0.5,0.004,0.0,0.28,0.3,-0.673,-0.4,-2.88,-1.4,-3.27,-1.1,16.5,15.5,36.5,35.5,0.511,0.48,0.961,3.27,60000,1.211,5/7,"{'eth': {'mean': -1.46, 'n': 537}, 'rth_close': {'mean': -8.565, 'n': 301}, 'rth_mid': {'mean': -0.958, 'n': 1053}, 'rth_open': {'mean': -2.43, 'n': 542}}"
E6_small_seq_1lot_k20,154817,1105.8,0.763,7.5,0.815,6.9,0.835,5.7,0.762,4.8,0.827,6.3,0.421,1.8,0.471,2.2,0.429,1.4,0.033,0.1,-0.201,-0.6,-0.078,-1.3,-0.379,-2.4,-0.39,-1.8,-0.79,-2.9,-1.043,-3.4,13.5,13.5,31.5,31.5,0.508,0.482,2.109,1.043,60000,0.386,7/7,"{'eth': {'mean': -1.015, 'n': 36963}, 'rth_close': {'mean': 0.053, 'n': 16853}, 'rth_mid': {'mean': -1.081, 'n': 66510}, 'rth_open': {'mean': -0.967, 'n': 34491}}"
E6_small_seq_1lot_k40,17956,128.3,0.572,2.4,1.033,4.0,1.507,4.4,1.442,4.8,1.638,5.2,1.016,2.0,0.997,1.2,0.889,0.9,0.677,0.4,-0.005,-0.0,0.089,0.6,-0.61,-0.8,-0.538,-0.6,-0.753,-0.5,-1.567,-0.8,15.5,16.5,33.5,33.5,0.513,0.477,2.407,1.567,60000,0.58,5/7,"{'eth': {'mean': -2.379, 'n': 4233}, 'rth_close': {'mean': 0.252, 'n': 1991}, 'rth_mid': {'mean': -0.724, 'n': 7867}, 'rth_open': {'mean': -0.474, 'n': 3865}}"
E7_same_ms_sweep_k10,460911,3292.2,0.624,4.2,0.489,3.3,0.31,2.1,0.169,1.2,0.165,1.2,0.018,0.1,-0.32,-1.8,-0.536,-3.0,-0.925,-5.0,-1.251,-6.4,-0.203,-6.0,-0.639,-9.1,-0.873,-8.8,-1.211,-7.7,-1.556,-6.7,12.5,12.5,29.5,29.5,0.506,0.483,1.559,1.556,60000,0.576,7/7,"{'eth': {'mean': -1.323, 'n': 130848}, 'rth_close': {'mean': -0.815, 'n': 48706}, 'rth_mid': {'mean': -1.266, 'n': 186713}, 'rth_open': {'mean': -1.63, 'n': 94644}}"
E7_same_ms_sweep_k5,1908186,13629.9,0.83,24.4,0.734,20.0,0.594,14.7,0.476,12.0,0.452,11.5,0.32,9.1,0.07,1.4,-0.204,-1.8,-0.503,-3.4,-0.663,-4.2,-0.188,-12.2,-0.553,-8.4,-0.812,-5.8,-1.102,-6.5,-1.26,-7.1,11.5,11.5,28.5,28.5,0.501,0.488,2.522,1.26,60000,0.467,7/7,"{'eth': {'mean': -1.204, 'n': 560665}, 'rth_close': {'mean': -0.438, 'n': 200302}, 'rth_mid': {'mean': -0.762, 'n': 764369}, 'rth_open': {'mean': -0.826, 'n': 382850}}"
E8_hiflow_hidisp_5s,1921,13.7,2.025,4.2,3.025,4.9,5.212,6.8,5.62,6.7,5.482,5.6,4.466,4.4,3.541,2.8,2.732,1.7,1.407,0.6,1.424,0.5,-0.179,-0.3,-1.491,-1.3,-2.782,-1.6,-3.768,-1.5,-4.122,-1.3,29.5,29.5,52.5,52.5,0.545,0.449,2.823,4.122,60000,1.527,6/7,"{'eth': {'mean': -4.739, 'n': 261}, 'rth_close': {'mean': 2.275, 'n': 211}, 'rth_mid': {'mean': -5.29, 'n': 763}, 'rth_open': {'mean': -2.599, 'n': 686}}"
E9_hiflow_lodisp_5s[overlaps_dead_absorption],302,2.2,2.224,3.0,2.112,2.5,2.577,2.7,4.497,2.8,5.446,2.8,6.298,2.9,3.981,1.9,2.537,0.9,0.678,0.2,-0.038,-0.0,2.753,1.6,2.044,1.0,0.085,0.0,-1.916,-0.5,-3.025,-0.7,18.5,15.5,43.0,35.5,0.46,0.533,3.312,3.025,60000,1.12,4/7,"{'eth': {'mean': -3.596, 'n': 52}, 'rth_close': {'mean': -3.481, 'n': 79}, 'rth_mid': {'mean': -2.463, 'n': 95}, 'rth_open': {'mean': 0.605, 'n': 76}}"
