day,coin,src,status,ev,ev_c,ev_c0,rx,rx_c,hl_lead,bn_lead,hl_del,bn_del
2024-11-01,BTC,trades,ok,900,0.0913,0.0107,1000,0.0958,0.0992,1.1402,37.6,4.6
2024-11-01,BTC,quotes,ok,1200,0.1005,0.0189,1200,0.0978,0.1451,1.6314,30.2,3.4
2024-11-01,ETH,trades,ok,900,0.0652,-0.0001,1000,0.0647,0.0511,0.8426,39.1,4.5
2024-11-01,ETH,quotes,ok,600,0.1388,0.0239,700,0.1413,0.1001,1.6893,32.8,3.2
2024-11-01,SOL,trades,ok,900,0.0486,0.0056,1000,0.0466,0.0488,0.5903,36.5,4.3
2024-11-01,SOL,quotes,ok,600,0.1338,0.0251,700,0.1407,0.1539,1.577,34.7,3.1
2024-12-01,BTC,trades,ok,900,0.0603,0.0103,1000,0.0589,0.0682,0.7056,49.7,4.6
2024-12-01,BTC,quotes,ok,600,0.1043,0.0164,600,0.0998,0.1711,1.3866,43.2,3.6
2024-12-01,ETH,trades,ok,900,0.0567,0.0081,1000,0.0585,0.07,0.8588,47.1,4.1
2024-12-01,ETH,quotes,ok,700,0.118,0.02,700,0.1202,0.1662,1.55,45.7,2.8
2024-12-01,SOL,trades,ok,800,0.0599,0.0047,900,0.0597,0.0438,0.4115,48.8,3.8
2024-12-01,SOL,quotes,ok,600,0.1425,0.0255,600,0.1368,0.1809,1.5297,51.5,2.7
2025-01-01,BTC,trades,ok,800,0.0948,0.0125,1000,0.0885,0.1143,0.8599,51.6,3.1
2025-01-01,BTC,quotes,ok,1300,0.0873,0.0213,1300,0.0903,0.1758,1.4443,45.8,2.5
2025-01-01,ETH,trades,ok,800,0.0859,0.0081,900,0.085,0.0449,0.8048,50.0,3.4
2025-01-01,ETH,quotes,ok,600,0.1081,0.0235,700,0.107,0.1183,1.4306,47.4,2.7
2025-01-01,SOL,trades,ok,900,0.0583,0.0099,900,0.0498,0.041,0.5025,53.2,3.6
2025-01-01,SOL,quotes,ok,600,0.1097,0.026,600,0.1081,0.1431,1.4437,58.1,3.1
2025-02-01,BTC,trades,ok,900,0.0953,0.0059,1100,0.0918,0.2092,0.9247,248.7,3.1
2025-02-01,BTC,quotes,ok,1300,0.0992,0.0199,1300,0.0966,0.2688,1.4237,281.7,2.5
2025-02-01,ETH,trades,ok,900,0.0898,0.009,1200,0.076,0.1389,1.0369,252.1,3.1
2025-02-01,ETH,quotes,ok,1000,0.105,0.0241,1400,0.1065,0.1663,1.6664,284.6,2.5
2025-02-01,SOL,trades,ok,900,0.1166,0.0082,1100,0.0926,0.1068,0.8743,240.5,3.3
2025-02-01,SOL,quotes,ok,1000,0.1089,0.0262,1500,0.1057,0.1759,1.6191,266.5,2.7
2025-03-01,BTC,trades,ok,900,0.1258,0.0143,1100,0.1055,0.1315,1.2209,174.3,3.1
2025-03-01,BTC,quotes,ok,1300,0.1138,0.021,1500,0.1067,0.1473,1.6748,168.0,2.5
2025-03-01,ETH,trades,ok,1000,0.0832,0.0005,1100,0.0832,0.0852,1.0254,163.1,4.1
2025-03-01,ETH,quotes,ok,1300,0.1014,0.0155,1400,0.1062,0.0703,1.6024,165.7,3.4
2025-03-01,SOL,trades,ok,900,0.0893,0.0028,1200,0.0753,0.0828,0.7354,157.2,3.9
2025-03-01,SOL,quotes,ok,900,0.1079,0.0155,1500,0.1012,0.1014,1.5378,171.2,3.3
2025-04-01,BTC,trades,ok,900,0.0961,0.0078,1100,0.0949,0.0783,1.1365,167.9,3.1
2025-04-01,BTC,quotes,ok,1300,0.1015,0.0092,1500,0.1055,0.0842,1.6284,166.4,2.5
2025-04-01,ETH,trades,ok,1000,0.0779,-0.0004,1100,0.077,0.0408,1.071,171.9,3.8
2025-04-01,ETH,quotes,ok,1100,0.1014,0.0109,1300,0.1054,0.0451,1.6112,174.6,3.3
2025-04-01,SOL,trades,ok,900,0.0838,0.0029,1200,0.0669,0.07,0.7133,168.7,3.4
2025-04-01,SOL,quotes,ok,1100,0.115,0.0136,1300,0.1155,0.0858,1.5164,178.5,2.9
2025-05-01,BTC,trades,ok,900,0.1316,0.0072,1100,0.1125,0.0716,1.0958,190.4,3.4
2025-05-01,BTC,quotes,ok,1200,0.1092,0.0101,1400,0.1202,0.0857,1.5175,175.4,2.7
2025-05-01,ETH,trades,ok,900,0.0959,0.0015,1200,0.0907,0.0346,0.9653,196.4,3.4
2025-05-01,ETH,quotes,ok,1400,0.1064,0.0074,1500,0.1064,0.0542,1.4185,181.9,2.7
2025-05-01,SOL,trades,ok,1000,0.0595,0.0042,1200,0.0557,0.0333,0.5687,200.0,3.4
2025-05-01,SOL,quotes,ok,800,0.1126,0.0098,1100,0.1057,0.035,1.4111,206.8,2.8
2025-06-01,BTC,trades,ok,900,0.113,0.0093,1200,0.087,0.226,0.8836,219.5,3.7
2025-06-01,BTC,quotes,ok,1300,0.117,0.0178,1400,0.0954,0.2241,1.3919,219.3,3.0
2025-06-01,ETH,trades,ok,1000,0.1084,0.0112,1200,0.0838,0.0801,1.0005,215.6,3.8
2025-06-01,ETH,quotes,ok,1300,0.11,0.0101,1400,0.0942,0.0935,1.391,226.7,3.2
2025-06-01,SOL,trades,ok,1000,0.0409,0.0032,0,0.0334,0.0884,0.4732,214.0,3.2
2025-06-01,SOL,quotes,ok,700,0.0939,0.0203,1000,0.093,0.1227,1.4194,278.2,2.7
2025-07-01,BTC,trades,ok,1000,0.13,0.0034,1200,0.106,0.1927,1.1518,197.8,3.6
2025-07-01,BTC,quotes,ok,1200,0.1154,0.0155,1400,0.1101,0.1958,1.5049,191.7,2.9
2025-07-01,ETH,trades,ok,1000,0.1416,-0.002,1300,0.1081,0.0741,1.1486,239.8,4.1
2025-07-01,ETH,quotes,ok,1400,0.1168,0.0109,1600,0.1126,0.0476,1.5527,266.5,3.4
2025-07-01,SOL,trades,ok,1000,0.0578,-0.0013,1200,0.0519,0.0878,0.5828,229.1,4.1
2025-07-01,SOL,quotes,ok,1100,0.1084,0.0178,1600,0.1011,0.0724,1.4,279.8,3.5
2025-08-01,BTC,trades,ok,1000,0.0909,0.0032,1400,0.0729,0.1558,1.0722,317.5,4.0
2025-08-01,BTC,quotes,ok,1200,0.0941,0.0184,1800,0.0979,0.1375,1.6345,296.7,3.0
2025-08-01,ETH,trades,ok,1100,0.0824,-0.0003,1400,0.0704,0.0753,1.1436,351.8,4.2
2025-08-01,ETH,quotes,ok,1300,0.0916,0.0122,1700,0.0864,0.0654,1.5574,307.4,3.2
2025-08-01,SOL,trades,ok,1000,0.0768,-0.004,1400,0.0569,0.0888,0.9456,330.0,4.0
2025-08-01,SOL,quotes,ok,1200,0.1017,0.0145,1600,0.0961,0.0564,1.6517,320.0,3.2
2025-09-01,BTC,trades,ok,1000,0.1251,0.0124,1400,0.089,0.2245,1.3309,344.6,3.9
2025-09-01,BTC,quotes,ok,1400,0.113,0.0252,1700,0.1096,0.219,1.7964,324.5,3.0
2025-09-01,ETH,trades,ok,1000,0.1159,0.004,1400,0.0839,0.1422,1.3324,338.8,3.9
2025-09-01,ETH,quotes,ok,1300,0.0985,0.0169,1700,0.0864,0.1296,1.5839,330.6,3.0
2025-09-01,SOL,trades,ok,1000,0.0894,0.0055,1300,0.0588,0.1017,0.9769,307.8,3.4
2025-09-01,SOL,quotes,ok,1100,0.1018,0.0175,1700,0.0941,0.1084,1.5515,338.4,2.6
2025-10-01,BTC,trades,ok,1000,0.1219,0.0146,1400,0.104,0.2037,1.3501,307.2,3.9
2025-10-01,BTC,quotes,ok,1100,0.1138,0.0175,1600,0.0991,0.1777,1.5982,313.6,3.1
2025-10-01,ETH,trades,ok,1000,0.1276,0.0028,1300,0.0841,0.0261,1.2214,318.2,3.7
2025-10-01,ETH,quotes,ok,1300,0.1039,0.0057,1700,0.0976,0.0394,1.4208,324.2,2.9
2025-10-01,SOL,trades,ok,900,0.0972,0.0078,1300,0.0774,0.0424,1.0299,274.6,3.9
2025-10-01,SOL,quotes,ok,1100,0.11,0.0148,1300,0.1005,0.054,1.5844,320.9,3.1
2025-11-01,BTC,trades,ok,900,0.1367,0.0129,1200,0.1096,0.2269,1.0357,251.5,3.3
2025-11-01,BTC,quotes,ok,1200,0.1084,0.0167,1500,0.1082,0.2152,1.2648,273.0,2.7
2025-11-01,ETH,trades,ok,800,0.1329,0.0092,1100,0.1051,0.1594,1.0904,246.2,3.5
2025-11-01,ETH,quotes,ok,1200,0.1159,0.0147,1400,0.1125,0.1725,1.4087,283.5,2.8
2025-11-01,SOL,trades,ok,900,0.1009,0.0079,1200,0.0786,0.1001,0.7044,244.6,3.8
2025-11-01,SOL,quotes,ok,1000,0.124,0.0174,1600,0.1136,0.1369,1.402,311.4,3.2
2025-12-01,BTC,trades,ok,700,0.1555,0.0014,1200,0.1246,0.1573,1.531,277.1,4.0
2025-12-01,BTC,quotes,ok,800,0.1326,0.0167,1300,0.1285,0.1205,1.786,251.9,3.1
2025-12-01,ETH,trades,ok,700,0.1491,0.0088,1100,0.1137,0.0857,1.3387,359.9,3.7
2025-12-01,ETH,quotes,ok,1000,0.1146,0.0091,1300,0.1088,0.0742,1.5096,290.7,2.9
2025-12-01,SOL,trades,ok,700,0.1001,-0.0,1000,0.0786,0.0338,0.972,266.6,4.0
2025-12-01,SOL,quotes,ok,900,0.1271,0.0137,1300,0.1235,0.0301,1.5728,275.4,3.2
2026-01-01,BTC,trades,ok,700,0.1562,0.0115,1000,0.1356,0.2365,0.9134,245.1,3.8
2026-01-01,BTC,quotes,ok,800,0.1065,0.0318,1200,0.1035,0.1621,1.152,271.2,3.1
2026-01-01,ETH,trades,ok,700,0.1535,0.0065,1000,0.1259,0.151,0.8499,234.6,3.3
2026-01-01,ETH,quotes,ok,1100,0.1199,0.0197,1100,0.1119,0.1221,1.1995,266.9,2.6
2026-01-01,SOL,trades,ok,700,0.0441,-0.0008,1000,0.0353,0.0503,0.3292,226.7,3.7
2026-01-01,SOL,quotes,ok,700,0.1198,0.022,1000,0.1224,0.1111,1.1871,318.3,3.2
2026-02-01,BTC,trades,ok,700,0.163,0.0079,1100,0.1243,0.1995,1.5318,307.1,3.9
2026-02-01,BTC,quotes,ok,1000,0.1317,0.0157,1400,0.121,0.1443,1.7043,267.4,3.0
2026-02-01,ETH,trades,ok,900,0.1243,0.0039,1300,0.1018,0.1084,1.3318,305.7,4.1
2026-02-01,ETH,quotes,ok,1100,0.1112,0.0058,1500,0.1106,0.0987,1.4502,266.2,3.1
2026-02-01,SOL,trades,ok,700,0.0938,0.0042,1000,0.0658,0.0681,0.9324,297.1,3.6
2026-02-01,SOL,quotes,ok,700,0.1364,0.0084,1100,0.1235,0.0823,1.4553,298.0,2.7
2026-03-01,BTC,trades,ok,700,0.1548,0.0105,900,0.1152,0.1059,1.2719,243.4,3.5
2026-03-01,BTC,quotes,ok,1000,0.1418,0.012,1300,0.1365,0.1465,1.4671,259.4,2.1
2026-03-01,ETH,trades,ok,700,0.1675,-0.0115,1000,0.1233,0.0594,1.2788,238.1,4.0
2026-03-01,ETH,quotes,ok,1100,0.1225,-0.0003,1300,0.1335,0.0561,1.4417,255.5,2.6
2026-03-01,SOL,trades,ok,700,0.1135,0.0009,1000,0.0839,0.0684,0.8347,232.7,3.2
2026-03-01,SOL,quotes,ok,700,0.1372,0.0104,1100,0.1286,0.0765,1.556,250.9,2.0
2026-04-01,BTC,trades,ok,700,0.2178,0.0137,1000,0.1482,0.1899,1.5047,229.7,3.6
2026-04-01,BTC,quotes,ok,900,0.1438,0.0235,1300,0.1266,0.1539,1.6359,250.3,2.3
2026-04-01,ETH,trades,ok,700,0.1842,0.0103,1000,0.1256,0.1114,1.3609,236.0,4.0
2026-04-01,ETH,quotes,ok,900,0.1296,0.0206,1200,0.123,0.1056,1.6427,258.1,2.6
2026-04-01,SOL,trades,ok,700,0.1165,0.0065,900,0.0861,0.0672,0.7364,228.1,3.2
2026-04-01,SOL,quotes,ok,800,0.1342,0.0167,1100,0.1326,0.0958,1.5451,239.5,2.2
2026-05-01,BTC,trades,ok,600,0.1607,0.021,800,0.1206,0.2699,1.3498,191.0,3.7
2026-05-01,BTC,quotes,ok,800,0.1216,0.0283,1000,0.1192,0.2387,1.5016,200.6,2.6
2026-05-01,ETH,trades,ok,600,0.1328,0.0116,800,0.1034,0.1744,1.2175,194.8,3.5
2026-05-01,ETH,quotes,ok,700,0.138,0.0219,1000,0.1167,0.1749,1.4744,206.2,2.6
2026-05-01,SOL,trades,ok,600,0.0961,0.0015,800,0.0534,0.0391,0.4113,185.3,3.4
2026-05-01,SOL,quotes,ok,900,0.1648,0.0094,1200,0.1619,0.1216,1.38,219.1,2.8
2026-06-01,BTC,trades,ok,500,0.1335,0.019,800,0.1052,0.2045,1.3901,331.6,3.2
2026-06-01,BTC,quotes,ok,800,0.1258,0.0163,1100,0.0941,0.1859,1.6109,317.1,2.3
2026-06-01,ETH,trades,ok,300,0.1442,0.0124,800,0.0959,0.1101,1.3576,311.8,3.0
2026-06-01,ETH,quotes,ok,800,0.1454,0.009,900,0.1021,0.0946,1.6424,313.7,2.0
2026-06-01,SOL,trades,ok,600,0.0517,0.0048,900,0.0385,0.0697,0.6005,333.1,2.8
2026-06-01,SOL,quotes,ok,700,0.1329,0.0139,1200,0.1053,0.1342,1.6347,333.2,1.7
2026-07-01,BTC,trades,ok,500,0.208,0.0107,900,0.1688,0.1272,1.4537,288.2,3.4
2026-07-01,BTC,quotes,ok,2700,0.0301,0.0008,1700,0.0237,0.0249,0.5023,349.6,2.1
2026-07-01,ETH,trades,ok,600,0.166,0.0146,900,0.1169,0.0629,1.19,291.3,3.3
2026-07-01,ETH,quotes,ok,1800,0.0316,0.0037,2400,0.0224,0.0226,0.4758,364.3,2.2
2026-07-01,SOL,trades,ok,500,0.0996,0.0058,800,0.0775,0.0341,0.7842,281.8,3.0
2026-07-01,SOL,quotes,ok,2600,0.0283,0.0024,2100,0.0204,0.0139,0.4821,352.8,2.0
2026-08-01,BTC,trades,ok,500,0.1924,0.0215,700,0.1471,0.1613,1.0866,230.3,2.9
2026-08-01,BTC,quotes,ok,2600,0.0337,-0.0057,2800,0.0286,0.0529,0.4208,280.1,2.6
2026-08-01,ETH,trades,ok,500,0.1584,-0.0036,700,0.1425,0.0897,0.9565,221.7,3.7
2026-08-01,ETH,quotes,ok,3000,0.034,-0.0003,1800,0.029,0.0592,0.3909,274.2,2.1
2026-08-01,SOL,trades,ok,500,0.043,0.0047,700,0.0344,0.0236,0.3613,220.1,3.6
2026-08-01,SOL,quotes,ok,1500,0.0331,-0.0065,2600,0.0315,0.0342,0.556,278.0,1.7
2026-09-01,BTC,trades,ok,500,0.2032,0.0263,800,0.1721,0.1782,1.2789,255.6,3.1
2026-09-01,BTC,quotes,ok,800,0.1468,0.0166,1100,0.1451,0.1339,1.4252,265.0,2.4
2026-09-01,ETH,trades,ok,500,0.1705,0.0066,800,0.1341,0.0764,1.0879,246.9,3.2
2026-09-01,ETH,quotes,ok,600,0.1614,0.0157,1100,0.1374,0.074,1.3388,256.1,1.7
2026-09-01,SOL,trades,ok,500,0.0912,0.0085,800,0.0757,0.0569,0.5661,256.4,3.2
2026-09-01,SOL,quotes,ok,700,0.1435,0.0126,900,0.1412,0.0873,1.2581,263.0,2.3
2024-11-01,BTC,HY_trades,ok,500,0.4163,0.3819,550,0.4172,,,,
2024-11-01,ETH,HY_trades,ok,550,0.5371,0.5038,600,0.5374,,,,
2024-11-01,SOL,HY_trades,ok,850,0.7389,0.7024,900,0.7402,,,,
2024-12-01,BTC,HY_trades,ok,400,0.3303,0.3194,500,0.3306,,,,
2024-12-01,ETH,HY_trades,ok,450,0.8729,0.8206,450,0.8694,,,,
2024-12-01,SOL,HY_trades,ok,400,1.0429,1.0268,450,1.0424,,,,
2025-01-01,BTC,HY_trades,ok,400,0.3967,0.3783,500,0.396,,,,
2025-01-01,ETH,HY_trades,ok,400,1.1399,1.099,450,1.129,,,,
2025-01-01,SOL,HY_trades,ok,700,1.0293,0.9987,900,1.0282,,,,
2025-02-01,BTC,HY_trades,ok,650,0.1764,0.151,950,0.176,,,,
2025-02-01,ETH,HY_trades,ok,500,0.2799,0.2368,750,0.2786,,,,
2025-02-01,SOL,HY_trades,ok,600,0.5696,0.5079,850,0.5683,,,,
2025-03-01,BTC,HY_trades,ok,650,0.1954,0.1548,800,0.1938,,,,
2025-03-01,ETH,HY_trades,ok,550,0.4505,0.3653,850,0.4465,,,,
2025-03-01,SOL,HY_trades,ok,800,0.5256,0.4301,950,0.5235,,,,
2025-04-01,BTC,HY_trades,ok,600,0.1198,0.0744,850,0.1209,,,,
2025-04-01,ETH,HY_trades,ok,650,0.2303,0.1863,850,0.2306,,,,
2025-04-01,SOL,HY_trades,ok,700,0.5358,0.4694,950,0.5352,,,,
2025-05-01,BTC,HY_trades,ok,650,0.1548,0.1141,750,0.155,,,,
2025-05-01,ETH,HY_trades,ok,550,0.2726,0.2251,800,0.2736,,,,
2025-05-01,SOL,HY_trades,ok,650,0.4372,0.383,1000,0.4378,,,,
2025-06-01,BTC,HY_trades,ok,650,0.0663,0.0303,950,0.0655,,,,
2025-06-01,ETH,HY_trades,ok,550,0.1211,0.1061,950,0.1215,,,,
2025-06-01,SOL,HY_trades,ok,1050,0.4464,0.3925,1200,0.4477,,,,
2025-07-01,BTC,HY_trades,ok,700,0.0976,0.062,950,0.1003,,,,
2025-07-01,ETH,HY_trades,ok,600,0.1631,0.1367,900,0.1638,,,,
2025-07-01,SOL,HY_trades,ok,1000,0.2432,0.1793,1200,0.2399,,,,
2025-08-01,BTC,HY_trades,ok,800,0.0831,0.0426,1000,0.0828,,,,
2025-08-01,ETH,HY_trades,ok,900,0.1319,0.0786,1150,0.1299,,,,
2025-08-01,SOL,HY_trades,ok,1050,0.3217,0.2006,1300,0.315,,,,
2025-09-01,BTC,HY_trades,ok,900,0.4509,0.3344,1500,0.4458,,,,
2025-09-01,ETH,HY_trades,ok,600,0.2085,0.1559,1050,0.2059,,,,
2025-09-01,SOL,HY_trades,ok,900,0.3945,0.2933,1300,0.3839,,,,
2025-10-01,BTC,HY_trades,ok,650,0.1189,0.0804,1000,0.1155,,,,
2025-10-01,ETH,HY_trades,ok,700,0.2,0.1591,1000,0.1976,,,,
2025-10-01,SOL,HY_trades,ok,700,0.4067,0.3291,1200,0.405,,,,
2025-11-01,BTC,HY_trades,ok,550,0.222,0.1516,900,0.2273,,,,
2025-11-01,ETH,HY_trades,ok,650,0.4308,0.3839,950,0.426,,,,
2025-11-01,SOL,HY_trades,ok,700,0.4398,0.3885,850,0.4339,,,,
2025-12-01,BTC,HY_trades,ok,550,0.0439,0.0261,850,0.0442,,,,
2025-12-01,ETH,HY_trades,ok,600,0.1064,0.0728,950,0.103,,,,
2025-12-01,SOL,HY_trades,ok,700,0.3474,0.2511,900,0.3367,,,,
2026-01-01,BTC,HY_trades,ok,1100,0.1129,0.0846,950,0.1164,,,,
2026-01-01,ETH,HY_trades,ok,550,0.1439,0.1281,850,0.1421,,,,
2026-01-01,SOL,HY_trades,ok,650,0.3488,0.3158,850,0.3439,,,,
2026-02-01,BTC,HY_trades,ok,600,0.1621,0.0851,900,0.1612,,,,
2026-02-01,ETH,HY_trades,ok,600,0.2135,0.1367,900,0.2069,,,,
2026-02-01,SOL,HY_trades,ok,600,0.5207,0.3948,950,0.5043,,,,
2026-03-01,BTC,HY_trades,ok,400,0.0203,0.011,1150,0.0214,,,,
2026-03-01,ETH,HY_trades,ok,600,0.052,0.0319,650,0.0479,,,,
2026-03-01,SOL,HY_trades,ok,700,0.2968,0.1977,950,0.2925,,,,
2026-04-01,BTC,HY_trades,ok,600,0.1335,0.0764,800,0.1271,,,,
2026-04-01,ETH,HY_trades,ok,550,0.2898,0.2332,750,0.2833,,,,
2026-04-01,SOL,HY_trades,ok,700,0.2885,0.1927,1000,0.2795,,,,
2026-05-01,BTC,HY_trades,ok,500,0.1153,0.0697,800,0.1,,,,
2026-05-01,ETH,HY_trades,ok,500,0.22,0.185,700,0.2106,,,,
2026-05-01,SOL,HY_trades,ok,700,0.2761,0.1889,950,0.273,,,,
2026-06-01,BTC,HY_trades,ok,450,0.0606,0.0407,700,0.0534,,,,
2026-06-01,ETH,HY_trades,ok,450,0.2787,0.222,650,0.2378,,,,
2026-06-01,SOL,HY_trades,ok,700,0.3059,0.1944,1250,0.2963,,,,
2026-07-01,BTC,HY_trades,ok,450,0.0744,0.0415,750,0.0722,,,,
2026-07-01,ETH,HY_trades,ok,500,0.4308,0.323,900,0.3964,,,,
2026-07-01,SOL,HY_trades,ok,600,0.3399,0.2051,950,0.3221,,,,
2026-08-01,BTC,HY_trades,ok,500,0.2133,0.1322,800,0.207,,,,
2026-08-01,ETH,HY_trades,ok,400,0.3165,0.2589,600,0.3163,,,,
2026-08-01,SOL,HY_trades,ok,650,0.1906,0.1258,800,0.1836,,,,
2026-09-01,BTC,HY_trades,ok,550,0.2086,0.1384,850,0.2125,,,,
2026-09-01,ETH,HY_trades,ok,500,0.3876,0.3032,800,0.3823,,,,
2026-09-01,SOL,HY_trades,ok,450,0.3312,0.2755,750,0.3299,,,,
